,ID,Temp,Lineage,OE_strain,Inoculation,Into_pint,Bleed_stage.x,Bleed_date.x,Death_date,Pupation_date,Eclosion_date,Surv_pupa,Surv_adult,Wing_deformity,Adult_death_date,Sex,Infection_status,OE_score,Dev_pupa,Dev_adult,Adult_longevity,NOTES,Bleed_date.y,Who,Bleed_stage.y,Mass,AvgHemo,Hemo_ul,LogHemo,PropPlasm,PropOeno,Initials,Date,AvgOE_count,Spore_load,logSpore_load,Area,Length,Breadth,AspectRatio,FinalAbsorbance,PropSpher,PropGran
1,1,34,B,control,5/29/2019,5/30/2019,Pupa,6/9/2019,NA,6/5/2019,6/12/2019,1,1,1,6/27/2019,F,0,0,7,14,15,NA,6/9/2019,SA,Pupa,1.2995,3.125,32.25,1.508529719,NA,NA,NA,NA,NA,NA,NA,NA,NA,NA,NA,NA,NA,NA
2,2,34,B,control,5/29/2019,5/30/2019,Pupa,6/9/2019,NA,6/5/2019,6/11/2019,1,1,2,6/21/2019,M,0,0,7,13,10,NA,6/9/2019,SA,Pupa,1.2433,1.875,19.75,1.2955671,NA,NA,NA,NA,NA,NA,NA,NA,NA,NA,NA,1.999,NA,NA
3,3,34,B,control,5/29/2019,5/30/2019,Larva,6/3/2019,6/5/2019,6/4/2019,NA,1,0,NA,NA,NA,NA,NA,6,NA,NA,Death as dark pupa,6/3/2019,IR,Larva,NA,254.375,2544.75,3.405645123,0.18,0.01,NA,NA,NA,NA,NA,NA,NA,NA,NA,1.541,0.05,0.76
4,4,34,B,control,5/29/2019,5/30/2019,Pupa,NA,6/7/2019,NA,NA,0,0,NA,NA,NA,NA,NA,NA,NA,NA,"death- wrinkled, dry",NA,NA,NA,NA,NA,NA,NA,NA,NA,NA,NA,NA,NA,NA,NA,NA,NA,NA,NA,NA,NA
5,5,34,B,control,5/29/2019,5/30/2019,None,NA,NA,6/5/2019,6/11/2019,1,1,3,6/20/2019,F,0,0,7,13,9,NA,NA,NA,NA,NA,NA,NA,NA,NA,NA,NA,NA,NA,NA,NA,NA,NA,NA,NA,NA,NA,NA
6,6,34,B,control,5/29/2019,5/30/2019,Pupa,6/9/2019,NA,6/5/2019,6/11/2019,1,1,2,6/17/2019,M,0,0,7,13,6,dead adult- pretty deformed,6/9/2019,SA,Pupa,1.2101,3.5,36,1.556302501,NA,NA,NA,NA,NA,NA,NA,NA,NA,NA,NA,1.049,NA,NA
7,7,34,B,control,5/29/2019,5/30/2019,Larva,6/4/2019,NA,6/5/2019,6/11/2019,1,1,2,6/18/2019,F,0,0,7,13,7,NA,6/4/2019,IR,Larva,NA,199.375,1994.75,3.299888474,0.159722222,0.027777778,NA,NA,NA,NA,NA,NA,NA,NA,NA,NA,0.076388889,0.736111111
8,8,34,B,control,5/29/2019,5/30/2019,Pupa,6/8/2019,NA,6/4/2019,6/10/2019,1,1,2,6/19/2019,F,0,0,6,12,9,NA,6/8/2019,MRS,Pupa,1.105,1.5,16,1.204119983,NA,NA,NA,NA,NA,NA,NA,NA,NA,NA,NA,1.609,NA,NA
9,9,34,B,control,5/29/2019,5/30/2019,None,NA,NA,6/5/2019,6/11/2019,1,1,0,6/20/2019,F,0,0,7,13,9,NA,NA,NA,NA,NA,NA,NA,NA,NA,NA,NA,NA,NA,NA,NA,698.29,46.24,23.36,1.98,NA,NA,NA
10,10,34,B,control,5/29/2019,5/30/2019,Larva,NA,6/5/2019,NA,NA,0,0,NA,NA,NA,NA,NA,NA,NA,NA,Death as 4th,NA,NA,NA,NA,NA,NA,NA,NA,NA,NA,NA,NA,NA,NA,NA,NA,NA,NA,NA,NA,NA
11,11,34,B,E3,5/29/2019,5/30/2019,Larva,6/3/2019,6/4/2019,6/4/2019,NA,1,0,NA,NA,NA,NA,NA,6,NA,NA,Death as fail to pupate,6/3/2019,IR,Larva,1.467,187.125,1872.25,3.272363839,0.101851852,0.018518519,NA,NA,NA,NA,NA,NA,NA,NA,NA,0.217,0.064814815,0.814814815
12,12,34,B,E3,5/29/2019,5/30/2019,None,NA,6/4/2019,NA,NA,0,0,NA,NA,NA,NA,NA,NA,NA,NA,Death as dark caterpillar,NA,NA,NA,NA,NA,NA,NA,NA,NA,NA,NA,NA,NA,NA,NA,NA,NA,NA,NA,NA,NA
13,13,34,B,E3,5/29/2019,5/30/2019,Pupa,6/7/2019,6/9/2019,6/4/2019,NA,1,0,NA,NA,NA,NA,NA,6,NA,NA,death- pupa turned black,6/7/2019,IR,Pupa,1.0045,3,31,1.491361694,NA,NA,NA,NA,NA,NA,NA,NA,NA,NA,NA,1.312,NA,NA
14,14,34,B,E3,5/29/2019,5/30/2019,None,NA,6/4/2019,NA,NA,0,0,NA,NA,NA,NA,NA,NA,NA,NA,Death as 4th,NA,NA,NA,NA,NA,NA,NA,NA,NA,NA,NA,NA,NA,NA,NA,NA,NA,NA,NA,NA,NA
15,15,34,B,E3,5/29/2019,5/30/2019,Pupa,6/9/2019,NA,NA,NA,NA,NA,NA,NA,NA,NA,NA,NA,NA,NA,lost pint; death date recorded as 6/1?,6/9/2019,SA,Pupa,1.2352,3,31,1.491361694,NA,NA,NA,NA,NA,NA,NA,NA,NA,NA,NA,NA,NA,NA
16,16,34,B,E3,5/29/2019,5/30/2019,Pupa,NA,6/5/2019,6/4/2019,NA,1,0,NA,NA,NA,NA,NA,6,NA,NA,death as brown pupa,NA,NA,NA,NA,NA,NA,NA,NA,NA,NA,NA,NA,NA,NA,NA,NA,NA,NA,NA,NA,NA
17,17,34,B,E3,5/29/2019,5/30/2019,Larva,6/4/2019,NA,6/5/2019,6/11/2019,1,1,3,6/21/2019,F,0,0,7,13,10,NA,6/4/2019,IR,Larva,1.572,124.5,1246,3.095518042,0.153333333,0.026666667,NA,NA,NA,NA,NA,NA,NA,NA,NA,2.437,0.093333333,0.726666667
18,18,34,B,E3,5/29/2019,5/30/2019,None,NA,6/6/2019,6/4/2019,NA,1,0,NA,NA,NA,NA,NA,6,NA,NA,Death as black pupa,NA,NA,NA,NA,NA,NA,NA,NA,NA,NA,NA,NA,NA,NA,NA,NA,NA,NA,NA,NA,NA
19,19,34,B,E3,5/29/2019,5/30/2019,Pupa,6/9/2019,NA,6/4/2019,6/10/2019,1,1,3,6/10/2019,NA,NA,NA,6,12,NA,dead pupa- can see wings,6/9/2019,SA,Pupa,1.059,1.625,17.25,1.236789099,NA,NA,NA,NA,NA,NA,NA,NA,NA,NA,NA,0.149,NA,NA
20,20,34,B,E3,5/29/2019,5/30/2019,None,NA,6/14/2019,6/4/2019,NA,1,0,NA,NA,NA,NA,NA,6,NA,NA,dead- brown pupa,NA,NA,NA,NA,NA,NA,NA,NA,NA,NA,NA,NA,NA,NA,NA,NA,NA,NA,NA,NA,NA
21,21,34,B,E10,5/29/2019,5/31/2019,Pupa,6/8/2019,6/12/2019,6/6/2019,NA,1,0,NA,NA,NA,NA,NA,8,NA,NA,dead pupa- turned brown and white,6/8/2019,MRS,Pupa,1.105,NA,NA,NA,NA,NA,NA,NA,NA,NA,NA,NA,NA,NA,NA,NA,NA,NA
22,22,34,B,E10,5/29/2019,5/30/2019,None,NA,NA,6/4/2019,6/10/2019,1,1,2,6/19/2019,M,0,0,6,12,9,NA,NA,NA,NA,NA,NA,NA,NA,NA,NA,NA,NA,NA,NA,NA,NA,NA,NA,NA,NA,NA,NA
23,23,34,B,E10,5/29/2019,5/30/2019,Larva,6/3/2019,6/7/2019,6/5/2019,NA,1,0,NA,NA,NA,NA,NA,7,NA,NA,death- brown pupa,6/3/2019,IR,Larva,NA,148,1481,3.170555059,0.097087379,0.019417476,NA,NA,NA,NA,NA,NA,NA,NA,NA,0.433,0.048543689,0.834951456
24,24,34,B,E10,5/29/2019,5/30/2019,Larva,6/3/2019,NA,6/5/2019,6/11/2019,1,1,1,6/21/2019,M,0,0,7,13,10,NA,6/3/2019,IR,Larva,NA,187.5,1876,3.273232834,0.24,0.04,NA,NA,NA,NA,NA,812.19,49.28,25.55,1.93,1.452,0.07,0.65
25,25,34,B,E10,5/29/2019,5/30/2019,Larva,6/3/2019,NA,6/5/2019,6/12/2019,1,1,2,6/21/2019,M,0,0,7,14,9,NA,6/3/2019,IR,Larva,NA,83.625,837.25,2.922855156,0.37,0.02,NA,NA,NA,NA,NA,NA,NA,NA,NA,2.198,0.07,0.54
26,26,34,B,E10,5/29/2019,5/30/2019,Pupa,NA,6/6/2019,NA,NA,0,0,NA,NA,NA,NA,NA,NA,NA,NA,Death as 4th hanging from leaf,NA,NA,NA,NA,NA,NA,NA,NA,NA,NA,NA,NA,NA,NA,NA,NA,NA,NA,NA,NA,NA
27,27,34,B,E10,5/29/2019,5/30/2019,Larva,6/3/2019,NA,6/5/2019,6/11/2019,1,1,2,6/17/2019,M,0,0,7,13,6,dead adult- slightly deformed,6/3/2019,IR,Larva,NA,108.125,1082.25,3.034327594,0.094017094,0.034188034,NA,NA,NA,NA,NA,NA,NA,NA,NA,1.867,0.051282051,0.820512821
28,28,34,B,E10,5/29/2019,5/30/2019,Larva,6/3/2019,NA,6/5/2019,6/11/2019,1,1,0,6/22/2019,M,0,0,7,13,11,NA,6/3/2019,IR,Larva,1.518,93,931,2.968949681,0.142857143,0.017857143,NA,NA,NA,NA,NA,768.95,49.56,24.45,2.03,1.995,0.098214286,0.741071429
29,29,34,B,E10,5/29/2019,5/30/2019,Pupa,6/8/2019,NA,6/5/2019,6/11/2019,1,1,0,6/25/2019,F,0,0,7,13,14,NA,6/8/2019,MRS,Pupa,1.236,NA,NA,NA,NA,NA,NA,NA,NA,NA,NA,790.88,49.58,24.55,2.02,NA,NA,NA
30,30,34,B,E10,5/29/2019,5/30/2019,Larva,6/3/2019,6/5/2019,NA,NA,0,0,NA,NA,NA,NA,NA,NA,NA,NA,Death as failed to pupate,6/3/2019,IR,Larva,NA,98.25,983.5,2.992774364,0.06,0.04,NA,NA,NA,NA,NA,NA,NA,NA,NA,0.668,0.11,0.79
31,31,34,D,control,5/29/2019,5/30/2019,None,NA,NA,6/5/2019,6/11/2019,1,1,2,6/15/2019,F,0,0,7,13,4,dead adult- slightly deformed,NA,NA,NA,NA,NA,NA,NA,NA,NA,NA,NA,NA,NA,NA,NA,NA,NA,NA,NA,NA,NA
32,32,34,D,control,5/29/2019,5/30/2019,Pupa,NA,6/7/2019,NA,NA,0,0,NA,NA,NA,NA,NA,NA,NA,NA,death as 4th,NA,NA,NA,NA,NA,NA,NA,NA,NA,NA,NA,NA,NA,NA,NA,NA,NA,NA,NA,NA,NA
33,33,34,D,control,5/29/2019,5/30/2019,None,NA,NA,6/4/2019,6/10/2019,1,1,0,6/23/2019,F,0,0,6,12,13,NA,NA,NA,NA,NA,NA,NA,NA,NA,NA,NA,NA,NA,NA,NA,614.95,43.31,21.78,1.99,NA,NA,NA
34,34,34,D,control,5/29/2019,5/30/2019,None,NA,NA,6/4/2019,6/10/2019,1,1,1,6/19/2019,M,0,0,6,12,9,NA,NA,NA,NA,NA,NA,NA,NA,NA,NA,NA,NA,NA,NA,NA,NA,NA,NA,NA,NA,NA,NA
35,35,34,D,control,5/29/2019,5/30/2019,Larva,6/4/2019,NA,6/5/2019,6/11/2019,1,1,2,6/20/2019,F,0,0,7,13,9,NA,6/4/2019,IR,Larva,1.408,103.125,1032.25,3.013784892,0.466666667,0,NA,NA,NA,NA,NA,NA,NA,NA,NA,2.245,0.041666667,0.491666667
36,36,34,D,control,5/29/2019,5/30/2019,Pupa,6/7/2019,NA,6/4/2019,6/10/2019,1,1,0,6/24/2019,M,0,0,6,12,14,NA,6/7/2019,IR,Pupa,NA,3.75,38.5,1.58546073,NA,NA,NA,NA,NA,NA,NA,747.69,48.96,24.04,2.04,1.301,NA,NA
37,37,34,D,control,5/29/2019,5/30/2019,Larva,6/4/2019,NA,6/5/2019,6/11/2019,1,1,2,6/24/2019,M,0,0,7,13,13,NA,6/4/2019,IR,Larva,1.4441,129.25,1293.5,3.111766433,0.462264151,0.018867925,NA,NA,NA,NA,NA,NA,NA,NA,NA,2.395,0.037735849,0.481132075
38,38,34,D,control,5/29/2019,5/30/2019,None,NA,NA,6/4/2019,6/10/2019,1,1,1,6/24/2019,F,0,0,6,12,14,NA,NA,NA,NA,NA,NA,NA,NA,NA,NA,NA,NA,NA,NA,NA,NA,NA,NA,NA,NA,NA,NA
39,39,34,D,control,5/29/2019,5/30/2019,Pupa,6/8/2019,NA,6/4/2019,6/10/2019,1,1,1,6/29/2019,F,0,0,6,12,19,NA,6/8/2019,MRS,Pupa,1.1645,NA,NA,NA,NA,NA,NA,NA,NA,NA,NA,NA,NA,NA,NA,NA,NA,NA
40,40,34,D,control,5/29/2019,5/30/2019,Pupa,6/8/2019,NA,6/4/2019,6/10/2019,1,1,3,6/17/2019,M,0,0,6,12,7,dead adult- pretty deformed,6/8/2019,MRS,Pupa,1.0512,NA,NA,NA,NA,NA,NA,NA,NA,NA,NA,NA,NA,NA,NA,1.271,NA,NA
41,41,34,D,E3,5/29/2019,5/30/2019,None,NA,NA,6/4/2019,6/10/2019,1,1,2,6/24/2019,M,0,0,6,12,14,NA,NA,NA,NA,NA,NA,NA,NA,NA,NA,NA,NA,NA,NA,NA,NA,NA,NA,NA,NA,NA,NA
42,42,34,D,E3,5/29/2019,5/30/2019,None,NA,NA,6/4/2019,6/10/2019,1,1,0,6/25/2019,F,0,0,6,12,15,NA,NA,NA,NA,NA,NA,NA,NA,NA,NA,NA,NA,NA,NA,NA,737.37,49.37,23.83,2.07,NA,NA,NA
43,43,34,D,E3,5/29/2019,5/30/2019,Pupa,6/7/2019,NA,6/4/2019,6/10/2019,1,1,2,6/21/2019,M,0,0,6,12,11,NA,6/7/2019,IR,Pupa,1.1032,NA,NA,NA,NA,NA,NA,NA,NA,NA,NA,NA,NA,NA,NA,2.769,NA,NA
44,44,34,D,E3,5/29/2019,5/30/2019,Pupa,6/8/2019,6/9/2019,6/4/2019,NA,1,0,NA,NA,NA,NA,NA,6,NA,NA,dead pupa turned black,6/8/2019,IR,Pupa,1.1571,10.5,106,2.025305865,NA,NA,NA,NA,NA,NA,NA,NA,NA,NA,NA,1.42,NA,NA
45,45,34,D,E3,5/29/2019,5/30/2019,None,NA,NA,6/5/2019,6/10/2019,1,1,3,6/20/2019,M,0,0,7,12,10,NA,NA,NA,NA,NA,NA,NA,NA,NA,NA,NA,NA,NA,NA,NA,NA,NA,NA,NA,NA,NA,NA
46,46,34,D,E3,5/29/2019,5/30/2019,None,NA,NA,6/4/2019,6/10/2019,1,1,3,6/20/2019,F,0,0,6,12,10,NA,NA,NA,NA,NA,NA,NA,NA,NA,NA,NA,NA,NA,NA,NA,NA,NA,NA,NA,NA,NA,NA
47,47,34,D,E3,5/29/2019,5/30/2019,Larva,6/4/2019,6/7/2019,6/5/2019,NA,1,0,NA,NA,NA,NA,NA,7,NA,NA,death- brown/melted pupa,6/4/2019,IR,Larva,1.337,83.875,839.75,2.924150013,0.5,0.00862069,NA,NA,NA,NA,NA,NA,NA,NA,NA,1.944,0.025862069,0.465517241
48,48,34,D,E3,5/29/2019,5/30/2019,Pupa,NA,NA,6/4/2019,6/10/2019,1,1,1,6/25/2019,F,0,0,6,12,15,NA,NA,NA,NA,NA,NA,NA,NA,NA,NA,NA,NA,NA,NA,NA,NA,NA,NA,NA,NA,NA,NA
49,49,34,D,E3,5/29/2019,5/30/2019,Pupa,6/8/2019,NA,6/4/2019,6/10/2019,1,1,0,6/20/2019,F,0,0,6,12,10,NA,6/8/2019,MRS,Pupa,0.7926,NA,NA,NA,NA,NA,NA,NA,NA,NA,NA,594.61,43.7,20.97,2.08,1.001,NA,NA
50,50,34,D,E3,5/29/2019,5/30/2019,Pupa,6/9/2019,NA,6/4/2019,6/11/2019,1,1,3,6/12/2019,F,NA,NA,6,13,1,dead adult nugget,6/9/2019,SA,Pupa,1.1538,1,11,1.041392685,NA,NA,NA,NA,NA,NA,NA,NA,NA,NA,NA,NA,NA,NA
51,51,34,D,E10,5/29/2019,5/30/2019,Pupa,6/9/2019,NA,6/4/2019,6/11/2019,1,1,2,6/21/2019,F,0,0,6,13,10,NA,6/9/2019,SA,Pupa,NA,0.125,2.25,0.352182518,NA,NA,NA,NA,NA,NA,NA,NA,NA,NA,NA,0.337,NA,NA
52,52,34,D,E10,5/29/2019,5/30/2019,None,NA,NA,6/4/2019,6/10/2019,1,1,0,6/21/2019,F,0,0,6,12,11,NA,NA,NA,NA,NA,NA,NA,NA,NA,NA,NA,NA,NA,NA,NA,704.69,46.59,23.4,1.99,NA,NA,NA
53,53,34,D,E10,5/29/2019,5/30/2019,Larva,6/4/2019,NA,6/6/2019,6/12/2019,1,1,2,6/19/2019,M,0,0,8,14,7,NA,6/4/2019,IR,Larva,NA,121.75,1218.5,3.085825534,0.258928571,0.035714286,NA,NA,NA,NA,NA,NA,NA,NA,NA,NA,0.080357143,0.625
54,54,34,D,E10,5/29/2019,5/30/2019,None,NA,NA,NA,NA,NA,NA,NA,NA,NA,NA,NA,NA,NA,NA,Death in inoc dish _ not replaced 6/2,NA,NA,NA,NA,NA,NA,NA,NA,NA,NA,NA,NA,NA,NA,NA,NA,NA,NA,NA,NA,NA
55,55,34,D,E10,5/29/2019,5/30/2019,None,NA,NA,6/4/2019,6/10/2019,1,1,1,6/15/2019,F,0,0,6,12,5,dead adult- slightly deformed,NA,NA,NA,NA,NA,NA,NA,NA,NA,NA,NA,NA,NA,NA,NA,NA,NA,NA,NA,NA,NA
56,56,34,D,E10,5/29/2019,5/30/2019,Pupa,6/7/2019,NA,6/4/2019,6/4/2019,1,0,3,6/10/2019,NA,NA,NA,6,NA,NA,failed to eclose,6/7/2019,IR,Pupa,0.9965,4,41,1.612783857,NA,NA,NA,NA,NA,NA,NA,NA,NA,NA,NA,NA,NA,NA
57,57,34,D,E10,5/29/2019,5/30/2019,Larva,6/3/2019,NA,6/5/2019,6/11/2019,1,1,2,6/21/2019,M,0,0,7,13,10,NA,6/3/2019,IR,Larva,NA,112,1121,3.049605613,0.24,0.04,NA,NA,NA,NA,NA,NA,NA,NA,NA,1.91,0.08,0.64
58,58,34,D,E10,5/29/2019,5/30/2019,Pupa,6/7/2019,NA,6/5/2019,6/11/2019,1,1,0,6/27/2019,F,0,0,7,13,16,NA,6/7/2019,IR,Pupa,NA,6.25,63.5,1.802773725,NA,NA,NA,NA,NA,NA,NA,734.84,48.02,23.85,2.01,2.538,NA,NA
59,59,34,D,E10,5/29/2019,5/30/2019,Larva,6/4/2019,6/7/2019,NA,NA,0,0,NA,NA,NA,NA,NA,NA,NA,NA,death- brown caterpillar,6/4/2019,IR,Larva,NA,66.625,667.25,2.824288582,0.175438596,0.00877193,NA,NA,NA,NA,NA,NA,NA,NA,NA,0.904,0.114035088,0.701754386
60,60,34,D,E10,5/29/2019,5/30/2019,None,NA,6/4/2019,NA,NA,0,0,NA,NA,NA,NA,NA,NA,NA,NA,Death as stretched/dry hanging caterpillar,NA,NA,NA,NA,NA,NA,NA,NA,NA,NA,NA,NA,NA,NA,NA,NA,NA,NA,NA,NA,NA
61,61,34,F,control,5/29/2019,5/30/2019,Pupa,NA,6/8/2019,NA,NA,0,0,NA,NA,NA,NA,NA,NA,NA,NA,dead 4th instar- hanging,NA,NA,NA,NA,NA,NA,NA,NA,NA,NA,NA,NA,NA,NA,NA,NA,NA,NA,NA,NA,NA
62,62,34,F,control,5/29/2019,5/30/2019,None,NA,6/8/2019,NA,NA,0,0,NA,NA,NA,NA,NA,NA,NA,NA,"death as 4th, brown",NA,NA,NA,NA,NA,NA,NA,NA,NA,NA,NA,NA,NA,NA,NA,NA,NA,NA,NA,NA,NA
63,63,34,F,control,5/29/2019,5/30/2019,Larva,6/5/2019,6/6/2019,NA,NA,0,0,NA,NA,NA,NA,NA,NA,NA,NA,"Death as 4th, brown",6/5/2019,IR,Larva,0.2921,13,131,2.117271296,0.165048544,0.029126214,NA,NA,NA,NA,NA,NA,NA,NA,NA,0.835,0.291262136,0.514563107
64,64,34,F,control,5/29/2019,5/30/2019,Pupa,NA,6/8/2019,NA,NA,0,0,NA,NA,NA,NA,NA,NA,NA,NA,Death as 3rd,NA,NA,NA,NA,NA,NA,NA,NA,NA,NA,NA,NA,NA,NA,NA,NA,NA,NA,NA,NA,NA
65,65,34,F,control,5/29/2019,5/30/2019,None,NA,6/8/2019,NA,NA,0,0,NA,NA,NA,NA,NA,NA,NA,NA,death as 3rd,NA,NA,NA,NA,NA,NA,NA,NA,NA,NA,NA,NA,NA,NA,NA,NA,NA,NA,NA,NA,NA
67,67,34,F,control,5/29/2019,5/30/2019,Pupa,NA,6/4/2019,NA,NA,0,0,NA,NA,NA,NA,NA,NA,NA,NA,NA,NA,NA,NA,NA,NA,NA,NA,NA,NA,NA,NA,NA,NA,NA,NA,NA,NA,NA,NA,NA,NA
68,68,34,F,control,5/29/2019,5/30/2019,Larva,NA,6/4/2019,NA,NA,0,0,NA,NA,NA,NA,NA,NA,NA,NA,Death as dried up,NA,NA,NA,NA,NA,NA,NA,NA,NA,NA,NA,NA,NA,NA,NA,NA,NA,NA,NA,NA,NA
69,69,34,F,control,5/29/2019,5/30/2019,Larva,NA,6/4/2019,NA,NA,0,0,NA,NA,NA,NA,NA,NA,NA,NA,Death as dark caterpillar,NA,NA,NA,NA,NA,NA,NA,NA,NA,NA,NA,NA,NA,NA,NA,NA,NA,NA,NA,NA,NA
70,70,34,F,control,5/29/2019,5/30/2019,Pupa,6/9/2019,6/11/2019,6/5/2019,NA,1,0,NA,NA,NA,NA,NA,7,NA,NA,dead brown pupa,6/9/2019,SA,Pupa,1.3224,NA,NA,NA,NA,NA,NA,NA,NA,NA,NA,NA,NA,NA,NA,2.172,NA,NA
71,71,34,F,E3,5/29/2019,5/31/2019,Larva,6/4/2019,6/14/2019,6/6/2019,NA,1,0,NA,NA,NA,NA,NA,8,NA,NA,dead brown pupa,6/4/2019,IR,Larva,NA,143,1431,3.155639634,0.386554622,0.008403361,NA,NA,NA,NA,NA,NA,NA,NA,NA,NA,0.058823529,0.546218487
72,72,34,F,E3,5/29/2019,5/30/2019,None,NA,6/7/2019,NA,NA,0,0,NA,NA,NA,NA,NA,NA,NA,NA,death as 4th,NA,NA,NA,NA,NA,NA,NA,NA,NA,NA,NA,NA,NA,NA,NA,NA,NA,NA,NA,NA,NA
73,73,34,F,E3,5/29/2019,5/30/2019,Larva,6/3/2019,NA,6/5/2019,6/12/2019,1,1,2,6/22/2019,M,0,0,7,14,10,NA,6/3/2019,IR,Larva,NA,76.75,768.5,2.885643872,0.14159292,0.017699115,NA,NA,NA,NA,NA,NA,NA,NA,NA,2.75,0.053097345,0.787610619
74,74,34,F,E3,5/29/2019,5/30/2019,Larva,6/3/2019,NA,6/5/2019,6/11/2019,1,1,2,6/17/2019,M,0,0,7,13,6,dead adult- slightly deformed,6/3/2019,IR,Larva,NA,11.25,113.5,2.054995862,0.256410256,0.017094017,NA,NA,NA,NA,NA,NA,NA,NA,NA,NA,0.162393162,0.564102564
75,75,34,F,E3,5/29/2019,5/30/2019,None,NA,6/7/2019,NA,NA,0,0,NA,NA,NA,NA,NA,NA,NA,NA,dead caterpillar- wrinkled hanging,NA,NA,NA,NA,NA,NA,NA,NA,NA,NA,NA,NA,NA,NA,NA,NA,NA,NA,NA,NA,NA
76,76,34,F,E3,5/29/2019,5/30/2019,Pupa,NA,6/6/2019,NA,NA,0,0,NA,NA,NA,NA,NA,NA,NA,NA,"Death as 4th, hang from leaf",NA,NA,NA,NA,NA,NA,NA,NA,NA,NA,NA,NA,NA,NA,NA,NA,NA,NA,NA,NA,NA
77,77,34,F,E3,5/29/2019,5/30/2019,Larva,6/4/2019,6/5/2019,NA,NA,0,0,NA,NA,NA,NA,NA,NA,NA,NA,"Death as 4th, dark brown caterpillar",6/4/2019,IR,Larva,NA,121.75,1218.5,3.085825534,0.135135135,0.054054054,NA,NA,NA,NA,NA,NA,NA,NA,NA,0.583,0.099099099,0.711711712
78,78,34,F,E3,5/29/2019,5/30/2019,Larva,6/3/2019,NA,6/5/2019,6/11/2019,1,1,2,6/17/2019,M,0,0,7,13,6,dead adult- slightly deformed,6/3/2019,IR,Larva,NA,136,1361,3.133858125,0.26,0.04,NA,NA,NA,NA,NA,NA,NA,NA,NA,2.575,0.05,0.65
79,79,34,F,E3,5/29/2019,5/30/2019,None,NA,NA,6/5/2019,6/12/2019,1,1,2,6/20/2019,M,0,0,7,14,8,NA,NA,NA,NA,NA,NA,NA,NA,NA,NA,NA,NA,NA,NA,NA,NA,NA,NA,NA,NA,NA,NA
80,80,34,F,E3,5/29/2019,5/30/2019,Pupa,NA,6/8/2019,NA,NA,0,0,NA,NA,NA,NA,NA,NA,NA,NA,death as 3rd,NA,NA,NA,NA,NA,NA,NA,NA,NA,NA,NA,NA,NA,NA,NA,NA,NA,NA,NA,NA,NA
81,81,34,F,E10,5/29/2019,5/30/2019,Larva,NA,6/5/2019,NA,NA,0,0,NA,NA,NA,NA,NA,NA,NA,NA,"Death as 4th, hanging",NA,NA,NA,NA,NA,NA,NA,NA,NA,NA,NA,NA,NA,NA,NA,NA,NA,NA,NA,NA,NA
82,82,34,F,E10,5/29/2019,5/30/2019,Pupa,NA,6/5/2019,NA,NA,0,0,NA,NA,NA,NA,NA,NA,NA,NA,dead as 3rd,NA,NA,NA,NA,NA,NA,NA,NA,NA,NA,NA,NA,NA,NA,NA,NA,NA,NA,NA,NA,NA
83,83,34,F,E10,5/29/2019,5/30/2019,Larva,6/4/2019,6/8/2019,NA,NA,0,0,NA,NA,NA,NA,NA,NA,NA,NA,"death as 4th, shriveled",6/4/2019,IR,Larva,0.5033,31.625,317.25,2.501401631,0.681415929,0,NA,NA,NA,NA,NA,NA,NA,NA,NA,0.489,0.026548673,0.292035398
84,84,34,F,E10,5/29/2019,5/30/2019,Larva,NA,6/4/2019,NA,NA,0,0,NA,NA,NA,NA,NA,NA,NA,NA,NA,NA,NA,NA,NA,NA,NA,NA,NA,NA,NA,NA,NA,NA,NA,NA,NA,NA,NA,NA,NA,NA
85,85,34,F,E10,5/29/2019,5/30/2019,Pupa,NA,6/5/2019,NA,NA,0,0,NA,NA,NA,NA,NA,NA,NA,NA,"Death as 3rd, brown caterpillar",NA,NA,NA,NA,NA,NA,NA,NA,NA,NA,NA,NA,NA,NA,NA,NA,NA,NA,NA,NA,NA
86,86,34,F,E10,5/29/2019,5/30/2019,Larva,NA,6/5/2019,NA,NA,0,0,NA,NA,NA,NA,NA,NA,NA,NA,Death as 4th,NA,NA,NA,NA,NA,NA,NA,NA,NA,NA,NA,NA,NA,NA,NA,NA,NA,NA,NA,NA,NA
87,87,34,F,E10,5/29/2019,5/30/2019,Larva,6/5/2019,6/6/2019,NA,NA,0,0,NA,NA,NA,NA,NA,NA,NA,NA,"Death as 4th, brown",6/5/2019,IR,Larva,0.6,10,101,2.004321374,0.261904762,0.047619048,NA,NA,NA,NA,NA,NA,NA,NA,NA,NA,0.130952381,0.55952381
88,88,34,F,E10,5/29/2019,5/30/2019,Larva,6/4/2019,6/5/2019,NA,NA,0,0,NA,NA,NA,NA,NA,NA,NA,NA,"Death as 4th, wrinkly/dry",6/4/2019,IR,Larva,0.278,20.25,203.5,2.308564414,0.40952381,0,NA,NA,NA,NA,NA,NA,NA,NA,NA,0.337,0.104761905,0.485714286
89,89,34,F,E10,5/29/2019,5/30/2019,Pupa,NA,6/7/2019,NA,NA,0,0,NA,NA,NA,NA,NA,NA,NA,NA,dead brown caterpillar,NA,NA,NA,NA,NA,NA,NA,NA,NA,NA,NA,NA,NA,NA,NA,NA,NA,NA,NA,NA,NA
90,90,34,F,E10,5/29/2019,5/31/2019,Pupa,NA,6/3/2019,NA,NA,0,0,NA,NA,NA,NA,NA,NA,NA,NA,Death in pint,NA,NA,NA,NA,NA,NA,NA,NA,NA,NA,NA,NA,NA,NA,NA,NA,NA,NA,NA,NA,NA
91,91,30,B,control,5/30/2019,31-May,Pupa,NA,NA,6/6/2019,6/13/2019,1,1,0,6/19/2019,M,0,0,7,14,6,moved incorrectly to 34C incubator on 6/10,NA,NA,NA,NA,NA,NA,NA,NA,NA,NA,NA,NA,NA,NA,936.99,51.97,27.42,1.9,NA,NA,NA
92,92,30,B,control,5/30/2019,31-May,Larva,6/5/2019,NA,6/7/2019,6/14/2019,1,1,0,7/7/2019,F,0,0,8,15,23,NA,6/5/2019,SA/IR,Larva,1.6003,184.75,1848.5,3.266819455,0.386206897,0.013793103,NA,NA,NA,NA,NA,891.24,46.04,28.95,1.59,2.275,0.137931034,0.462068966
93,93,30,B,control,5/30/2019,31-May,Pupa,NA,NA,6/6/2019,6/12/2019,1,1,0,7/5/2019,F,0,0,7,13,23,NA,NA,NA,NA,NA,NA,NA,NA,NA,NA,NA,NA,NA,NA,NA,905.56,52.87,26.78,1.97,NA,NA,NA
94,94,30,B,control,5/30/2019,31-May,Pupa,NA,NA,6/6/2019,6/12/2019,1,1,0,7/9/2019,F,0,0,7,13,27,NA,NA,NA,NA,NA,NA,NA,NA,NA,NA,NA,NA,NA,NA,NA,858.48,50.82,25.8,1.97,NA,NA,NA
95,95,30,B,control,5/30/2019,31-May,Pupa,NA,NA,6/7/2019,6/13/2019,1,1,0,7/9/2019,M,0,0,8,14,26,NA,NA,NA,NA,NA,NA,NA,NA,NA,NA,NA,NA,NA,NA,NA,895.62,52.42,26.62,1.97,NA,NA,NA
96,96,30,B,control,5/30/2019,31-May,None,NA,NA,6/6/2019,6/13/2019,1,1,0,7/5/2019,F,0,0,7,14,22,NA,NA,NA,NA,NA,NA,NA,NA,NA,NA,NA,NA,NA,NA,NA,918.35,54.33,25.91,2.1,NA,NA,NA
97,97,30,B,control,5/30/2019,5/30/2019,Larva,6/4/2019,NA,6/5/2019,6/11/2019,1,1,0,6/26/2019,F,0,0,6,12,15,NA,6/4/2019,IR,Larva,1.3193,198.375,1984.75,3.297705811,0.169491525,0.033898305,NA,NA,NA,NA,NA,847.18,50.37,25.85,1.95,NA,0.101694915,0.694915254
98,98,30,B,control,5/30/2019,31-May,Pupa,NA,NA,6/6/2019,6/13/2019,1,1,2,6/25/2019,F,0,0,7,14,12,NA,NA,NA,NA,NA,NA,NA,NA,NA,NA,NA,NA,NA,NA,NA,NA,NA,NA,NA,NA,NA,NA
99,99,30,B,control,5/30/2019,31-May,None,NA,NA,6/6/2019,6/13/2019,1,1,0,6/17/2019,F,0,0,7,14,4,dead adult,NA,NA,NA,NA,NA,NA,NA,NA,NA,NA,NA,NA,NA,NA,944.84,53.01,27.87,1.9,NA,NA,NA
100,100,30,B,control,5/30/2019,31-May,Larva,6/4/2019,NA,6/7/2019,6/14/2019,1,1,0,7/11/2019,F,0,0,8,15,27,NA,6/4/2019,IR,Larva,0.9867,143.125,1432.25,3.156018831,0.090163934,0.016393443,NA,NA,NA,NA,NA,931.26,53.02,27.72,1.91,0.884,0.172131148,0.721311475
101,101,30,B,E3,5/30/2019,31-May,None,NA,NA,6/7/2019,6/14/2019,1,1,0,6/20/2019,M,1,5,8,15,6,NA,NA,NA,NA,NA,NA,NA,NA,NA,NA,IR,7/29/2019,16.25,812501,5.909823904,874.01,50.3,26.56,1.89,NA,NA,NA
102,102,30,B,E3,5/30/2019,31-May,None,NA,NA,6/7/2019,6/13/2019,1,1,3,6/17/2019,F,1,5,8,14,4,dead adult- nugget,NA,NA,NA,NA,NA,NA,NA,NA,NA,IR,7/31/2019,49.5,2475001,6.393575379,NA,NA,NA,NA,NA,NA,NA
103,103,30,B,E3,5/30/2019,31-May,Pupa,NA,NA,6/6/2019,6/13/2019,1,1,0,6/24/2019,F,0,0,7,14,11,NA,NA,NA,NA,NA,NA,NA,NA,NA,NA,NA,NA,NA,NA,NA,912.2,51.47,27.75,1.85,NA,NA,NA
104,104,30,B,E3,5/30/2019,31-May,Pupa,6/11/2019,NA,6/7/2019,6/14/2019,1,1,0,6/19/2019,F,1,5,8,15,5,NA,6/11/2019,MRS,Pupa,1.2962,1.875,19.75,1.2955671,NA,NA,IR,7/30/2019,34.75,1737501,6.239925063,865.39,49.89,26.25,1.9,1.602,NA,NA
105,105,30,B,E3,5/30/2019,31-May,Pupa,NA,6/5/2019,NA,NA,0,0,NA,NA,NA,NA,NA,NA,NA,NA,"Death as 5th, brown",NA,NA,NA,NA,NA,NA,NA,NA,NA,NA,NA,NA,NA,NA,NA,NA,NA,NA,NA,NA,NA
106,106,30,B,E3,5/30/2019,31-May,None,NA,NA,6/6/2019,6/12/2019,1,1,2,6/19/2019,M,1,5,7,13,NA,NA,NA,NA,NA,NA,NA,NA,NA,NA,NA,IR,7/29/2019,18,900001,5.954242992,NA,NA,NA,NA,NA,NA,NA
107,107,30,B,E3,5/30/2019,31-May,Pupa,6/11/2019,6/16/2019,6/8/2019,NA,1,0,NA,NA,NA,NA,NA,9,NA,NA,death as brown pupa,6/11/2019,MRS,Pupa,1.3166,3.625,37.25,1.571126277,NA,NA,NA,NA,NA,NA,NA,NA,NA,NA,NA,2.169,NA,NA
108,108,30,B,E3,5/30/2019,31-May,Larva,6/4/2019,NA,6/6/2019,6/12/2019,1,1,0,6/19/2019,F,1,5,7,13,7,NA,6/4/2019,SA,Larva,1.094,205.875,2059.75,3.313814512,0.255813953,0.062015504,IR,7/30/2019,20.66666667,1033334.333,6.014240859,815.17,49.42,25.4,1.95,1.503,0.062015504,0.620155039
109,109,30,B,E3,5/30/2019,31-May,Larva,6/4/2019,NA,6/6/2019,6/13/2019,1,1,0,6/20/2019,M,1,5,7,14,7,NA,6/4/2019,IR,Larva,1.6397,104.25,1043.5,3.018492453,0.2,0.01,IR,7/30/2019,14.75,737501,5.867762614,923.8,52.02,27.42,1.9,1.455,0.07,0.72
110,110,30,B,E3,5/30/2019,31-May,Larva,6/5/2019,6/5/2019,NA,NA,0,0,NA,NA,NA,NA,NA,NA,NA,NA,"Death as 3rd, brown",6/5/2019,IR,Larva,1.006,NA,NA,NA,NA,NA,NA,NA,NA,NA,NA,NA,NA,NA,NA,2.339,NA,NA
111,111,30,B,E10,5/30/2019,31-May,Larva,6/4/2019,NA,6/7/2019,6/13/2019,1,1,0,6/21/2019,F,1,5,8,14,8,NA,6/4/2019,IR,Larva,0.9333,110.375,1104.75,3.04326401,0.339449541,0.009174312,IR,8/12/2019,7.8,390001,5.591065721,863.6,50.68,26.41,1.92,0.507,0.091743119,0.559633028
112,112,30,B,E10,5/30/2019,31-May,None,NA,NA,6/6/2019,6/12/2019,1,1,0,6/20/2019,F,1,5,7,13,8,NA,NA,NA,NA,NA,NA,NA,NA,NA,NA,IR,7/31/2019,24.41666667,1220834.333,6.086656734,888.93,51.21,26.59,1.93,NA,NA,NA
113,113,30,B,E10,5/30/2019,31-May,Larva,6/5/2019,NA,6/7/2019,6/14/2019,1,1,0,6/19/2019,F,1,5,8,15,5,NA,6/5/2019,SA,Larva,1.1084,203,2031,3.307709923,0.242647059,0.051470588,CB,8/12/2019,30.1,1505001,6.177536788,823.42,49.22,25.54,1.93,1.211,0.191176471,0.514705882
114,114,30,B,E10,5/30/2019,31-May,Pupa,6/13/2019,NA,6/7/2019,6/14/2019,1,1,0,6/25/2019,M,1,5,8,15,11,NA,6/13/2019,SA,Pupa,1.5655,1.75,18.5,1.267171728,NA,NA,IR,8/12/2019,15.2,760001,5.880814164,946.5,53.49,28.11,1.9,0.817,NA,NA
115,115,30,B,E10,5/30/2019,31-May,Larva,6/4/2019,NA,6/6/2019,6/12/2019,1,1,0,6/19/2019,F,1,5,7,13,7,NA,6/4/2019,SA,Larva,1.5539,184.625,1847.25,3.266525675,0.4,0.063636364,CB,8/12/2019,66.75,3337501,6.523421404,920.37,50.81,27.85,1.82,NA,0.072727273,0.463636364
116,116,30,B,E10,5/30/2019,31-May,Pupa,6/10/2019,NA,6/6/2019,6/13/2019,1,1,0,6/17/2019,M,1,5,7,14,4,dead adult,6/10/2019,MRS,Pupa,1.5023,1.375,14.75,1.16879202,NA,NA,IR,8/12/2019,9.45,472501,5.674402732,893.13,50.94,26.79,1.9,1.754,NA,NA
117,117,30,B,E10,5/30/2019,31-May,Larva,6/4/2019,6/5/2019,NA,NA,0,0,NA,NA,NA,NA,NA,NA,NA,NA,"Death as 4th, wrinkly",6/4/2019,SA,Larva,1.1336,90.5,906,2.957128198,0.452380952,0.03968254,NA,NA,NA,NA,NA,NA,NA,NA,NA,NA,0.158730159,0.349206349
118,118,30,B,E10,5/30/2019,31-May,None,NA,6/6/2019,NA,NA,0,0,NA,NA,NA,NA,NA,NA,NA,NA,Failed to pupate,NA,NA,NA,NA,NA,NA,NA,NA,NA,NA,NA,NA,NA,NA,NA,NA,NA,NA,NA,NA,NA
119,119,30,B,E10,5/30/2019,31-May,None,NA,NA,6/7/2019,6/14/2019,1,1,0,6/22/2019,F,1,5,8,15,8,NA,NA,NA,NA,NA,NA,NA,NA,NA,NA,IR,8/12/2019,15.75,787501,5.896251114,NA,NA,NA,NA,NA,NA,NA
120,120,30,B,E10,5/30/2019,31-May,None,NA,NA,6/6/2019,6/12/2019,1,1,0,6/20/2019,F,1,5,7,13,8,NA,NA,NA,NA,NA,NA,NA,NA,NA,NA,IR,7/31/2019,19,950001,5.977724062,855.75,49.93,26.17,1.91,NA,NA,NA
121,121,30,D,control,5/30/2019,31-May,Pupa,6/10/2019,NA,6/6/2019,6/13/2019,1,1,3,6/14/2019,F,0,0,7,14,1,adult death- nugget,6/10/2019,MRS,Pupa,0.9849,1.5,16,1.204119983,NA,NA,NA,NA,NA,NA,NA,NA,NA,NA,NA,NA,NA,NA
122,122,30,D,control,5/30/2019,31-May,Larva,6/4/2019,NA,6/5/2019,6/11/2019,1,1,0,6/30/2019,F,0,0,6,12,19,NA,6/4/2019,IR,Larva,1.2637,175,1751,3.243286146,0.267973856,0.032679739,NA,NA,NA,NA,NA,781.73,47.77,25.4,1.88,3.134,0.08496732,0.614379085
123,123,30,D,control,5/30/2019,31-May,None,NA,NA,6/6/2019,6/12/2019,1,1,0,6/25/2019,M,0,0,7,13,13,NA,NA,NA,NA,NA,NA,NA,NA,NA,NA,NA,NA,NA,NA,NA,782.86,48.03,25.32,1.9,NA,NA,NA
124,124,30,D,control,5/30/2019,31-May,Pupa,6/10/2019,NA,6/6/2019,6/13/2019,1,1,0,7/6/2019,F,0,0,7,14,23,NA,6/10/2019,MRS,Pupa,1.3795,NA,NA,NA,NA,NA,NA,NA,NA,NA,NA,870.07,52.33,26.11,2,0.997,NA,NA
125,125,30,D,control,5/30/2019,31-May,Larva,6/4/2019,NA,6/6/2019,6/13/2019,1,1,0,6/25/2019,M,0,0,7,14,12,NA,6/4/2019,SA,Larva,1.0657,94.375,944.75,2.975316901,0.28,0.106666667,NA,NA,NA,NA,NA,852.73,50.29,26.41,1.9,NA,0.12,0.493333333
126,126,30,D,control,5/30/2019,31-May,Pupa,6/9/2019,NA,6/5/2019,6/11/2019,1,1,0,6/28/2019,F,0,0,6,12,17,NA,6/9/2019,SA,Pupa,1.0372,NA,NA,NA,NA,NA,NA,NA,NA,NA,NA,774.49,48.6,24.61,1.97,2.394,NA,NA
127,127,30,D,control,5/30/2019,30-May,Pupa,6/10/2019,NA,6/6/2019,6/13/2019,1,1,0,6/17/2019,M,0,0,7,14,4,dead adult,6/10/2019,MRS,Pupa,1.4973,0.375,4.75,0.67669361,NA,NA,NA,NA,NA,NA,NA,984.56,54.48,28.45,1.91,1.013,NA,NA
128,128,30,D,control,5/30/2019,1-Jun,Pupa,6/11/2019,NA,6/7/2019,6/13/2019,1,1,0,7/3/2019,F,0,0,8,14,20,NA,6/11/2019,MRS,Pupa,1.1805,NA,NA,NA,NA,NA,NA,NA,NA,NA,NA,834.11,50.4,25.44,1.98,0.932,NA,NA
129,129,30,D,control,5/30/2019,31-May,Larva,6/4/2019,NA,6/6/2019,6/12/2019,1,1,0,7/1/2019,F,0,0,7,13,19,NA,6/4/2019,SA,Larva,1.6862,33.25,333.5,2.523095838,0.268292683,0.024390244,NA,NA,NA,NA,NA,838.18,50.96,25.8,1.98,NA,0.243902439,0.463414634
130,130,30,D,control,5/30/2019,31-May,None,NA,NA,6/6/2019,6/12/2019,1,1,0,7/2/2019,M,0,0,7,13,20,NA,NA,NA,NA,NA,NA,NA,NA,NA,NA,NA,NA,NA,NA,NA,838.9,50.53,25.86,1.95,NA,NA,NA
131,131,30,D,E3,5/30/2019,31-May,Pupa,6/10/2019,NA,6/6/2019,6/14/2019,1,1,2,6/25/2019,F,1,4,7,15,11,NA,6/10/2019,MRS,Pupa,1.281,NA,NA,NA,NA,NA,IR,7/31/2019,0.65,32501,4.511896724,NA,NA,NA,NA,1.017,NA,NA
132,132,30,D,E3,5/30/2019,31-May,Pupa,6/11/2019,NA,6/7/2019,6/14/2019,1,1,0,6/25/2019,M,1,5,8,15,11,NA,6/11/2019,MRS,Pupa,1.2688,NA,NA,NA,NA,NA,IR,7/31/2019,1.9,95001,4.977728177,808.79,49.85,24.82,2.01,NA,NA,NA
133,133,30,D,E3,5/30/2019,31-May,None,NA,NA,6/6/2019,6/12/2019,1,1,0,6/21/2019,F,1,5,7,13,9,NA,NA,NA,NA,NA,NA,NA,NA,NA,NA,IR,7/29/2019,31.375,1568751,6.195554016,984.81,54.47,28.63,1.9,NA,NA,NA
134,134,30,D,E3,5/30/2019,31-May,Larva,6/5/2019,NA,6/7/2019,6/14/2019,1,1,0,7/1/2019,M,1,5,8,15,17,NA,6/5/2019,SA,Larva,1.4939,90.5,906,2.957128198,0.343558282,0,IR,7/31/2019,13.2,660001,5.819544594,932.46,53.23,27.58,1.93,1.597,0.061349693,0.595092025
135,135,30,D,E3,5/30/2019,31-May,Larva,6/4/2019,NA,6/6/2019,6/12/2019,1,1,1,6/23/2019,F,1,5,7,13,11,NA,6/4/2019,SA,Larva,1.4469,211.875,2119.75,3.326284644,0.325925926,0.044444444,IR,7/29/2019,6.25,312501,5.494851411,NA,NA,NA,NA,NA,0.096296296,0.533333333
136,136,30,D,E3,5/30/2019,31-May,None,NA,NA,6/6/2019,6/12/2019,1,1,0,6/25/2019,F,1,5,7,13,13,NA,NA,NA,NA,NA,NA,NA,NA,NA,NA,IR,7/30/2019,10.35,517501,5.713911193,873.4,51.95,26.44,1.96,NA,NA,NA
137,137,30,D,E3,5/30/2019,31-May,Pupa,6/10/2019,NA,6/6/2019,6/12/2019,1,1,0,6/25/2019,F,1,5,7,13,13,NA,6/10/2019,MRS,Pupa,1.2579,NA,NA,NA,NA,NA,IR,7/30/2019,5.65,282501,5.451019989,862.1,51.09,26.6,1.92,1.155,NA,NA
138,138,30,D,E3,5/30/2019,31-May,Pupa,6/11/2019,NA,6/7/2019,6/14/2019,1,1,2,6/16/2019,M,1,5,8,15,2,dead adult- very deformed,6/11/2019,MRS,Pupa,1.3485,3.125,32.25,1.508529719,NA,NA,IR,7/31/2019,25.875,1293751,6.111850698,NA,NA,NA,NA,1.927,NA,NA
139,139,30,D,E3,5/30/2019,31-May,Larva,NA,NA,6/5/2019,6/11/2019,1,1,0,6/19/2019,F,1,5,6,12,8,NA,NA,NA,NA,NA,NA,NA,NA,NA,NA,IR,7/30/2019,22.83333333,1141667.667,6.057539702,796.12,47.3,25.31,1.87,NA,NA,NA
140,140,30,D,E3,5/30/2019,31-May,Pupa,6/10/2019,NA,6/6/2019,6/13/2019,1,1,0,6/20/2019,F,1,5,7,14,7,NA,6/10/2019,MRS,Pupa,1.227,1.5,16,1.204119983,NA,NA,IR,7/29/2019,19.8125,990626,5.995909722,847.04,50.97,25.59,1.99,1.554,NA,NA
141,141,30,D,E10,5/30/2019,31-May,Pupa,6/9/2019,NA,6/5/2019,6/12/2019,1,1,0,6/22/2019,F,1,5,6,13,10,NA,6/9/2019,SA,Pupa,0.9777,0.875,9.75,0.989004616,NA,NA,CB,8/12/2019,5.55,277501,5.443264552,742.63,48.38,23.78,2.03,1.019,NA,NA
142,142,30,D,E10,5/30/2019,31-May,Larva,6/4/2019,NA,6/6/2019,6/12/2019,1,1,1,6/19/2019,M,1,5,7,13,7,NA,6/4/2019,IR,Larva,1.1209,91.625,917.25,2.96248772,0.296296296,0.018518519,IR,8/12/2019,12.6,630001,5.799341239,672.02,42.75,23.36,1.83,1.712,0.055555556,0.62962963
143,143,30,D,E10,5/30/2019,31-May,None,NA,NA,6/6/2019,6/12/2019,1,1,0,6/22/2019,F,1,5,7,13,10,NA,NA,NA,NA,NA,NA,NA,NA,NA,NA,CB,8/12/2019,16.7,835001,5.921686996,982.21,53.73,28.34,1.9,NA,NA,NA
144,144,30,D,E10,5/30/2019,31-May,None,NA,NA,6/6/2019,6/12/2019,1,1,0,7/3/2019,F,0,1,7,13,21,NA,NA,NA,NA,NA,NA,NA,NA,NA,NA,NA,NA,NA,NA,NA,925.52,53.06,27.21,1.95,NA,NA,NA
145,145,30,D,E10,5/30/2019,31-May,Larva,6/5/2019,NA,6/7/2019,6/13/2019,1,1,0,6/24/2019,F,1,5,8,14,11,Found in 26C (only shortly),6/5/2019,IR,Larva,1.5755,235.5,2356,3.372175286,0.495798319,0.016806723,IR,7/31/2019,8.85,442501,5.645914256,875.32,50.28,26.63,1.89,3.075,0.075630252,0.411764706
146,146,30,D,E10,5/30/2019,31-May,Larva,6/4/2019,6/5/2019,NA,NA,0,0,NA,NA,NA,NA,NA,NA,NA,NA,"Death as 3rd, brown",6/4/2019,SA,Larva,1.1727,145.125,1452.25,3.162041385,0.413461538,0.019230769,NA,NA,NA,NA,NA,NA,NA,NA,NA,0.665,0.096153846,0.471153846
147,147,30,D,E10,5/30/2019,31-May,Pupa,6/10/2019,NA,6/6/2019,6/13/2019,1,1,2,6/20/2019,F,1,5,7,14,7,NA,6/10/2019,MRS,Pupa,1.2927,NA,NA,NA,NA,NA,IR,7/31/2019,21.41666667,1070834.333,6.029722287,NA,NA,NA,NA,NA,NA,NA
148,148,30,D,E10,5/30/2019,31-May,Larva,6/5/2019,6/8/2019,6/7/2019,NA,1,0,NA,NA,NA,NA,NA,8,NA,NA,dead brown pupa,6/5/2019,SA,Larva,1.1368,114.5,1146,3.059184618,0.027777778,0.037037037,NA,NA,NA,NA,NA,NA,NA,NA,NA,1.284,0.092592593,0.842592593
149,149,30,D,E10,5/30/2019,31-May,Larva,NA,NA,6/6/2019,6/12/2019,1,1,0,6/21/2019,F,1,5,7,13,9,NA,NA,NA,NA,NA,NA,NA,NA,NA,NA,IR,8/12/2019,28,1400001,6.146128346,848.06,50.6,26.17,1.93,NA,NA,NA
150,150,30,D,E10,5/30/2019,31-May,None,NA,NA,6/6/2019,6/12/2019,1,1,0,6/20/2019,F,1,5,7,13,8,NA,NA,NA,NA,NA,NA,NA,NA,NA,NA,IR,7/31/2019,25.08333333,1254167.667,6.0983556,792.94,48.81,25.47,1.92,NA,NA,NA
151,151,30,F,control,5/30/2019,31-May,Pupa,6/13/2019,NA,6/7/2019,6/14/2019,1,1,0,7/4/2019,M,0,0,8,15,20,NA,6/13/2019,SA,Pupa,1.5004,9.125,92.25,1.964966375,NA,NA,NA,NA,NA,NA,NA,942.33,53.79,27.11,1.98,0.416,NA,NA
152,152,30,F,control,5/30/2019,31-May,Larva,6/5/2019,NA,6/6/2019,6/13/2019,1,1,0,7/4/2019,F,0,0,7,14,21,NA,6/5/2019,IR,Larva,1.6903,66.625,667.25,2.824288582,0.421875,0,NA,NA,NA,NA,NA,934.84,53.96,26.98,2,NA,0.140625,0.4375
153,153,30,F,control,5/30/2019,31-May,Larva,NA,6/5/2019,NA,NA,0,0,NA,NA,NA,NA,NA,NA,NA,NA,"Death as 4th, brown",NA,NA,NA,NA,NA,NA,NA,NA,NA,NA,NA,NA,NA,NA,NA,NA,NA,NA,NA,NA,NA
154,154,30,F,control,5/30/2019,31-May,None,NA,NA,6/7/2019,6/13/2019,1,1,0,7/5/2019,M,0,0,8,14,22,NA,NA,NA,NA,NA,NA,NA,NA,NA,NA,NA,NA,NA,NA,NA,953.92,53.95,27.62,1.95,NA,NA,NA
155,155,30,F,control,5/30/2019,5/30/2019,Pupa,NA,6/5/2019,NA,NA,0,0,NA,NA,NA,NA,NA,NA,NA,NA,"Death as 4th, brown",NA,NA,NA,NA,NA,NA,NA,NA,NA,NA,NA,NA,NA,NA,NA,NA,NA,NA,NA,NA,NA
156,156,30,F,control,5/30/2019,31-May,None,NA,NA,6/6/2019,6/13/2019,1,1,0,7/1/2019,M,0,0,7,14,18,NA,NA,NA,NA,NA,NA,NA,NA,NA,NA,NA,NA,NA,NA,NA,967.42,53.85,28.25,1.91,NA,NA,NA
157,157,30,F,control,5/30/2019,31-May,Pupa,6/13/2019,NA,6/7/2019,6/14/2019,1,1,0,6/28/2019,M,0,0,8,15,14,NA,6/13/2019,SA,Pupa,1.5448,1.5,16,1.204119983,NA,NA,NA,NA,NA,NA,NA,942.74,53.68,27.48,1.95,0.316,NA,NA
159,159,30,F,control,5/30/2019,31-May,None,NA,NA,6/6/2019,6/12/2019,1,1,0,7/1/2019,M,0,0,7,13,19,NA,NA,NA,NA,NA,NA,NA,NA,NA,NA,NA,NA,NA,NA,NA,952.62,53.33,28.25,1.89,NA,NA,NA
160,160,30,F,control,5/30/2019,31-May,Larva,6/5/2019,6/5/2019,NA,NA,0,0,NA,NA,NA,NA,NA,NA,NA,NA,Death as 4th,6/5/2019,IR,Larva,1.7251,140.625,1407.25,3.148371257,0.326923077,0.009615385,NA,NA,NA,NA,NA,NA,NA,NA,NA,1.96,0.096153846,0.567307692
161,161,30,F,E3,5/30/2019,5/30/2019,None,NA,NA,6/6/2019,6/13/2019,1,1,0,6/19/2019,M,1,5,7,14,6,NA,NA,NA,NA,NA,NA,NA,NA,NA,NA,IR,7/30/2019,2.25,112501,5.051156383,995.83,54.05,28.75,1.88,NA,NA,NA
162,162,30,F,E3,5/30/2019,31-May,Pupa,NA,6/7/2019,NA,NA,0,0,NA,NA,NA,NA,NA,NA,NA,NA,death as 3rd,NA,NA,NA,NA,NA,NA,NA,NA,NA,NA,NA,NA,NA,NA,NA,NA,NA,NA,NA,NA,NA
163,163,30,F,E3,5/30/2019,31-May,Pupa,6/11/2019,NA,6/7/2019,6/14/2019,1,1,0,6/23/2019,F,1,5,8,15,9,NA,6/11/2019,MRS,Pupa,1.6226,1.25,13.5,1.130333768,NA,NA,IR,7/29/2019,31.75,1587501,6.200714008,984.4,54.4,27.99,1.94,NA,NA,NA
164,164,30,F,E3,5/30/2019,31-May,Larva,6/5/2019,6/8/2019,NA,NA,0,0,NA,NA,NA,NA,NA,NA,NA,NA,death as 5th after bleeding,6/5/2019,IR,Larva,1.1737,71.375,714.75,2.854154164,0.325203252,0.016260163,NA,NA,NA,NA,NA,NA,NA,NA,NA,1.54,0.138211382,0.520325203
165,165,30,F,E3,5/30/2019,31-May,Larva,6/4/2019,NA,6/6/2019,6/13/2019,1,1,0,6/22/2019,M,1,5,7,14,9,NA,6/4/2019,SA,Larva,1.7201,85.125,852.25,2.93056701,0.515789474,0.042105263,IR,7/29/2019,12.3,615001,5.788875822,869.55,51.42,26.37,1.95,2.626,0.031578947,0.410526316
166,166,30,F,E3,6/1/2019,2-Jun,Pupa,6/13/2019,NA,6/8/2019,6/15/2019,1,1,0,7/4/2019,F,0,0,7,14,19,Replaced inoc. caterpillar,6/13/2019,SA,Pupa,1.3991,4.375,44.75,1.65079304,NA,NA,NA,NA,NA,NA,NA,878.84,53.86,26.29,2.05,1.15,NA,NA
167,167,30,F,E3,5/30/2019,31-May,Larva,6/4/2019,NA,6/6/2019,6/13/2019,1,1,0,6/20/2019,F,1,5,7,14,7,NA,6/4/2019,SA,Larva,1.4971,147.25,1473.5,3.16835014,0.301886792,0.009433962,IR,7/29/2019,14.8,740001,5.869232307,863.21,50.32,26.22,1.92,NA,0.056603774,0.632075472
168,168,30,F,E3,6/1/2019,1-Jun,None,NA,NA,6/7/2019,6/13/2019,1,1,0,7/2/2019,F,1,5,6,12,19,Replaced inoc. caterpillar,NA,NA,NA,NA,NA,NA,NA,NA,NA,IR,7/29/2019,1.2,60001,4.778158489,822.53,49.56,25.71,1.93,NA,NA,NA
169,169,30,F,E3,5/30/2019,31-May,Pupa,6/11/2019,NA,6/8/2019,6/14/2019,1,1,0,6/23/2019,F,1,5,9,15,9,NA,6/11/2019,MRS,Pupa,1.2872,10.375,104.75,2.020154032,NA,NA,IR,7/29/2019,7.75,387501,5.588272828,848.27,50.41,25.97,1.94,NA,NA,NA
170,170,30,F,E3,5/30/2019,31-May,Pupa,6/11/2019,NA,6/7/2019,6/13/2019,1,1,0,6/20/2019,F,1,5,8,14,7,NA,6/11/2019,MRS,Pupa,1.4627,3.5,36,1.556302501,NA,NA,IR,7/30/2019,46,2300001,6.361728025,948.97,52.96,27.39,1.93,NA,NA,NA
171,171,30,F,E10,5/30/2019,5/30/2019,Pupa,6/10/2019,NA,6/5/2019,6/12/2019,1,1,0,6/28/2019,M,1,5,6,13,16,NA,6/10/2019,MRS,Pupa,1.4248,3.375,34.75,1.540954809,NA,NA,IR,7/31/2019,1,50001,4.69897869,904.86,51.88,27.14,1.91,0.638,NA,NA
172,172,30,F,E10,5/30/2019,31-May,Pupa,NA,6/5/2019,NA,NA,0,0,NA,NA,NA,NA,NA,NA,NA,NA,"Death as 4th, brown/dark",NA,NA,NA,NA,NA,NA,NA,NA,NA,NA,NA,NA,NA,NA,NA,NA,NA,NA,NA,NA,NA
173,173,30,F,E10,5/30/2019,31-May,None,NA,NA,6/6/2019,6/13/2019,1,1,2,6/24/2019,M,1,5,7,14,11,NA,NA,NA,NA,NA,NA,NA,NA,NA,NA,IR,7/31/2019,3.75,187501,5.273003588,NA,NA,NA,NA,NA,NA,NA
174,174,30,F,E10,5/30/2019,31-May,Larva,6/5/2019,NA,6/7/2019,6/14/2019,1,1,1,6/29/2019,M,1,5,8,15,15,NA,6/5/2019,IR,Larva,1.2123,173,1731,3.238297068,0.352380952,0.028571429,CB,8/12/2019,1.7,85001,4.929424035,881.51,51.03,27.19,1.88,1.937,0.047619048,0.571428571
175,175,30,F,E10,5/30/2019,31-May,Larva,6/5/2019,NA,6/6/2019,6/13/2019,1,1,0,7/6/2019,M,1,5,7,14,23,NA,6/5/2019,IR,Larva,1.667,90.375,904.75,2.956528592,0.196078431,0.006535948,IR,7/31/2019,0.4,20001,4.30105171,915.12,52.3,27.52,1.9,2.646,0.326797386,0.470588235
176,176,30,F,E10,5/30/2019,31-May,Larva,6/5/2019,NA,6/7/2019,6/14/2019,1,1,2,6/22/2019,M,1,5,8,15,8,NA,6/5/2019,IR,Larva,1.3953,28.125,282.25,2.450633951,0.172727273,0.081818182,IR,8/12/2019,9.65,482501,5.683498218,NA,NA,NA,NA,1.663,0.109090909,0.636363636
177,177,30,F,E10,5/30/2019,31-May,Pupa,NA,6/5/2019,NA,NA,0,0,NA,NA,NA,NA,NA,NA,NA,NA,"Death as 5th, brown",NA,NA,NA,NA,NA,NA,NA,NA,NA,NA,NA,NA,NA,NA,NA,NA,NA,NA,NA,NA,NA
178,178,30,F,E10,5/30/2019,5/30/2019,None,NA,NA,6/5/2019,6/12/2019,1,1,0,6/24/2019,F,1,5,6,13,12,NA,NA,NA,NA,NA,NA,NA,NA,NA,NA,IR,7/31/2019,9.65,482501,5.683498218,906.98,51.78,27.39,1.89,NA,NA,NA
179,179,30,F,E10,5/30/2019,31-May,None,NA,NA,6/6/2019,6/13/2019,1,1,0,6/21/2019,M,1,5,7,14,8,NA,NA,NA,NA,NA,NA,NA,NA,NA,NA,IR,8/12/2019,11.95,597501,5.776338636,1023.5,55.98,28.82,1.94,NA,NA,NA
180,180,30,F,E10,5/30/2019,31-May,None,NA,NA,6/5/2019,6/12/2019,1,1,0,6/25/2019,F,1,5,6,13,13,NA,NA,NA,NA,NA,NA,NA,NA,NA,NA,CB,8/12/2019,6.2,310001,5.491363095,886.65,52.96,26.44,2,NA,NA,NA
181,181,26,B,control,5/30/2019,31-May,Larva,6/5/2019,NA,6/6/2019,6/14/2019,1,1,0,7/9/2019,M,0,0,7,15,25,NA,6/5/2019,IR,Larva,NA,148,1481,3.170555059,0.277777778,0.046296296,NA,NA,NA,NA,NA,895.94,51.35,26.85,1.91,NA,0.046296296,0.62962963
182,182,26,B,control,5/30/2019,31-May,Larva,6/6/2019,NA,6/7/2019,6/15/2019,1,1,0,7/13/2019,F,0,0,8,16,28,NA,6/6/2019,IR,Larva,1.7437,228.875,2289.75,3.359788068,0.206349206,0.023809524,NA,NA,NA,NA,NA,916.78,52.97,27.13,1.95,1.907,0.119047619,0.650793651
183,183,26,B,control,5/30/2019,31-May,Larva,6/5/2019,NA,6/7/2019,6/15/2019,1,1,0,7/12/2019,M,0,0,8,16,27,NA,6/5/2019,IR,Larva,1.2267,107.625,1077.25,3.032316503,0.419047619,0.028571429,NA,NA,NA,NA,NA,NA,NA,NA,NA,0.965,0.076190476,0.476190476
184,184,26,B,control,5/30/2019,31-May,Pupa,6/11/2019,NA,6/7/2019,6/15/2019,1,1,0,7/9/2019,F,0,0,8,16,24,NA,6/11/2019,MRS,Pupa,1.2919,2.25,23.5,1.371067862,NA,NA,NA,NA,NA,NA,NA,881.17,50.47,26.85,1.88,2.057,NA,NA
185,185,26,B,control,5/30/2019,31-May,Pupa,6/11/2019,NA,6/6/2019,6/14/2019,1,1,3,6/20/2019,F,0,0,7,15,6,adult death,6/11/2019,MRS,Pupa,1.2296,0.125,2.25,0.352182518,NA,NA,NA,NA,NA,NA,NA,NA,NA,NA,NA,1.359,NA,NA
186,186,26,B,control,5/30/2019,31-May,Larva,6/5/2019,NA,6/7/2019,6/15/2019,1,1,0,7/5/2019,M,0,0,8,16,20,NA,6/5/2019,IR,Larva,1.5809,196,1961,3.292477594,0.175925926,0.037037037,NA,NA,NA,NA,NA,909.17,52.26,26.91,1.94,1.13,0.12962963,0.657407407
187,187,26,B,control,5/30/2019,31-May,None,NA,6/7/2019,6/6/2019,NA,1,0,NA,NA,NA,NA,NA,7,NA,NA,brown pupa,NA,NA,NA,NA,NA,NA,NA,NA,NA,NA,NA,NA,NA,NA,NA,NA,NA,NA,NA,NA,NA
188,188,26,B,control,5/30/2019,1-Jun,Larva,6/5/2019,NA,6/8/2019,6/16/2019,1,1,0,7/6/2019,F,0,0,9,17,20,NA,6/5/2019,SA,Larva,0.6662,73.75,738.5,2.8683505,0.186915888,0.065420561,NA,NA,NA,NA,NA,898.43,51.52,26.86,1.92,0.397,0.168224299,0.579439252
189,189,26,B,control,5/30/2019,31-May,None,NA,NA,6/7/2019,6/15/2019,1,1,0,7/11/2019,F,0,0,8,16,26,NA,NA,NA,NA,NA,NA,NA,NA,NA,NA,NA,NA,NA,NA,NA,861.42,50.57,26.02,1.94,NA,NA,NA
190,190,26,B,control,5/30/2019,1-Jun,None,NA,NA,6/8/2019,6/16/2019,1,1,0,7/6/2019,M,1,1,9,17,20,OE is on the Tape NOT the scales!! Maybe contaminated,NA,NA,NA,NA,NA,NA,NA,NA,NA,NA,NA,NA,NA,NA,947.66,52.1,28.44,1.83,NA,NA,NA
191,191,26,B,E3,5/30/2019,31-May,Larva,6/5/2019,NA,6/6/2019,6/14/2019,1,1,0,6/19/2019,M,1,5,7,15,5,NA,6/5/2019,IR,Larva,1.6299,105.375,1054.75,3.023149534,0.171779141,0.073619632,CB,8/14/2019,17.6,880001,5.944483166,877.04,50.79,26.35,1.93,1.268,0.147239264,0.607361963
192,192,26,B,E3,5/30/2019,31-May,Pupa,6/11/2019,NA,6/6/2019,6/14/2019,1,1,0,6/30/2019,F,1,5,7,15,16,NA,6/11/2019,MRS,Pupa,1.2443,0.875,9.75,0.989004616,NA,NA,CB,8/19/2019,4.35,217501,5.337461258,746.31,46.87,24.9,1.88,1.26,NA,NA
193,193,26,B,E3,5/30/2019,31-May,Pupa,6/11/2019,NA,6/7/2019,6/15/2019,1,1,0,6/21/2019,F,1,5,8,16,6,NA,6/11/2019,MRS,Pupa,1.3524,1.125,12.25,1.088136089,NA,NA,IR,8/15/2019,59.5,2975001,6.473487116,872.78,50.22,26.6,1.89,1.782,NA,NA
194,194,26,B,E3,5/30/2019,1-Jun,Larva,6/6/2019,NA,6/8/2019,6/16/2019,1,1,0,6/24/2019,M,1,5,9,17,8,NA,6/6/2019,IR,Larva,1.6407,102.875,1029.75,3.012731801,0.242718447,0.097087379,CB,8/14/2019,32.8,1640001,6.214844113,1008.25,52.05,28.88,1.8,1.621,0.116504854,0.54368932
195,195,26,B,E3,5/30/2019,1-Jun,Larva,6/6/2019,NA,6/8/2019,6/16/2019,1,1,0,6/21/2019,M,1,5,9,17,5,NA,6/6/2019,MRS,Larva,1.5924,139.625,1397.25,3.145274118,0.248062016,0.031007752,IR,8/15/2019,146.75,7337501,6.865548173,915.85,51.34,26.96,1.9,2.049,0.07751938,0.643410853
196,196,26,B,E3,5/30/2019,1-Jun,Larva,6/5/2019,NA,6/9/2019,6/17/2019,1,1,0,6/23/2019,M,1,5,10,18,6,NA,6/5/2019,IR,Larva,NA,91.25,913.5,2.960708552,0.475247525,0.01980198,CB,8/14/2019,22.9,1145001,6.058805866,868.62,49.29,26.33,1.87,0.239,0.099009901,0.405940594
197,197,26,B,E3,5/30/2019,31-May,Larva,6/5/2019,NA,6/7/2019,6/15/2019,1,1,0,6/21/2019,F,1,5,8,16,6,NA,6/5/2019,IR,Larva,1.415,84.125,842.25,2.92544102,0.396396396,0.027027027,IR,8/15/2019,77.75,3887501,6.589670514,886.04,52.26,26.38,1.98,1.013,0.072072072,0.504504505
198,198,26,B,E3,5/30/2019,5/31/2019,None,NA,NA,6/7/2019,6/15/2019,1,1,0,7/4/2019,M,1,5,8,16,19,NA,NA,NA,NA,NA,NA,NA,NA,NA,NA,CB,8/19/2019,0.6,30001,4.477135731,961.4,52.25,28.03,1.86,NA,NA,NA
199,199,26,B,E3,5/30/2019,1-Jun,Larva,6/5/2019,6/5/2019,NA,NA,0,0,NA,NA,NA,NA,NA,NA,NA,NA,"Death as 3rd, brown",6/5/2019,SA,Larva,0.4743,57.375,574.75,2.75947898,0.074074074,0.027777778,NA,NA,NA,NA,NA,NA,NA,NA,NA,1.65,0.185185185,0.712962963
200,200,26,B,E3,5/30/2019,31-May,Larva,6/5/2019,NA,6/7/2019,6/15/2019,1,1,0,6/24/2019,M,1,5,8,16,9,NA,6/5/2019,IR,Larva,1.2709,87.2,873,2.941014244,0.297142857,0.097142857,CB,8/14/2019,17.1,855001,5.931966623,856.47,49.93,26.34,1.9,0.922,0.097142857,0.508571429
201,201,26,B,E10,6/1/2019,6/2/2019,Larva,6/6/2019,NA,6/9/2019,6/17/2019,1,1,0,7/2/2019,F,1,5,8,16,15,Replaced inoc. cat.,6/6/2019,IR,Larva,0.6777,58.8,589,2.770115295,0.295652174,0.052173913,CB,8/19/2019,0.9,45001,4.653222165,830.88,48.94,26.06,1.88,0.418,0.07826087,0.573913043
202,202,26,B,E10,5/30/2019,31-May,Pupa,6/11/2019,NA,6/7/2019,6/15/2019,1,1,0,6/25/2019,M,1,4,8,16,10,NA,6/11/2019,MRS,Pupa,1.4441,3.625,37.25,1.571126277,NA,NA,IR,8/19/2019,2.65,132501,5.122219156,888.21,51.4,26.69,1.93,NA,NA,NA
203,203,26,B,E10,5/30/2019,31-May,Larva,6/4/2019,NA,6/7/2019,6/15/2019,1,1,0,6/22/2019,M,1,5,8,16,7,NA,6/4/2019,SA,Larva,1.2717,69.25,693.5,2.841046465,0.365384615,0.028846154,IR,8/19/2019,7.3,365001,5.562294054,943.34,52.68,27.17,1.94,0.723,0.048076923,0.557692308
204,204,26,B,E10,5/30/2019,31-May,None,NA,NA,6/7/2019,6/15/2019,1,1,0,6/24/2019,M,1,5,8,16,9,NA,NA,NA,NA,NA,NA,NA,NA,NA,NA,IR,8/19/2019,26.75,1337501,6.126294115,869.73,50.71,26.34,1.93,NA,NA,NA
205,205,26,B,E10,5/30/2019,31-May,None,NA,NA,6/6/2019,6/14/2019,1,1,0,6/21/2019,M,1,5,7,15,7,NA,NA,NA,NA,NA,NA,NA,NA,NA,NA,IR,8/22/2019,44.5,2225001,6.347330211,870.4,49.21,26.56,1.85,NA,NA,NA
206,206,26,B,E10,5/30/2019,1-Jun,None,NA,NA,6/7/2019,6/15/2019,1,1,0,6/23/2019,M,1,5,8,16,8,NA,NA,NA,NA,NA,NA,NA,NA,NA,NA,IR,8/22/2019,21.5625,1078126,6.03266952,954.02,51.64,28.16,1.83,NA,NA,NA
207,207,26,B,E10,5/30/2019,31-May,None,NA,NA,6/7/2019,6/15/2019,1,1,0,7/4/2019,M,1,5,8,16,19,NA,NA,NA,NA,NA,NA,NA,NA,NA,NA,CB,8/22/2019,0.2,10001,4.000043427,965.09,53.07,27.52,1.93,NA,NA,NA
208,208,26,B,E10,5/30/2019,31-May,Pupa,6/11/2019,NA,6/7/2019,6/15/2019,1,1,3,6/17/2019,F,NA,NA,8,16,2,6/15 struggling to emerge; failed to completely eclose,6/11/2019,MRS,Pupa,1.3989,5.25,53.5,1.728353782,NA,NA,IR,8/22/2019,103.75,5187501,6.714958193,NA,NA,NA,NA,2.347,NA,NA
209,209,26,B,E10,5/30/2019,1-Jun,Larva,6/5/2019,6/7/2019,NA,NA,0,0,NA,NA,NA,NA,NA,NA,NA,NA,dead brown caterpillar,6/5/2019,IR,Larva,1.3214,115.5,1156,3.062957834,0.311320755,0.028301887,NA,NA,NA,NA,NA,NA,NA,NA,NA,0.782,0.094339623,0.566037736
210,210,26,B,E10,5/30/2019,31-May,Pupa,6/11/2019,6/16/2019,6/7/2019,NA,1,0,NA,NA,NA,NA,NA,8,NA,NA,death- black pupa,6/11/2019,MRS,Pupa,1.0668,4,41,1.612783857,NA,NA,NA,NA,NA,NA,NA,NA,NA,NA,NA,1.896,NA,NA
211,211,26,D,control,5/30/2019,31-May,None,NA,NA,6/6/2019,6/14/2019,1,1,0,7/2/2019,M,0,0,7,15,18,NA,NA,NA,NA,NA,NA,NA,NA,NA,NA,NA,NA,NA,NA,NA,888.56,51.8,26.43,1.96,NA,NA,NA
212,212,26,D,control,5/30/2019,31-May,None,NA,NA,6/5/2019,6/13/2019,1,1,0,6/29/2019,F,0,0,6,14,16,NA,NA,NA,NA,NA,NA,NA,NA,NA,NA,NA,NA,NA,NA,NA,879.07,50.53,26.5,1.91,NA,NA,NA
213,213,26,D,control,5/30/2019,31-May,None,NA,NA,6/6/2019,6/14/2019,1,1,0,7/3/2019,F,0,0,7,15,19,NA,NA,NA,NA,NA,NA,NA,NA,NA,NA,NA,NA,NA,NA,NA,824.49,49.31,25.87,1.91,NA,NA,NA
214,214,26,D,control,5/30/2019,31-May,Larva,6/6/2019,6/7/2019,6/7/2019,NA,1,0,NA,NA,NA,NA,NA,8,NA,NA,died as pupa (bled a lot by proleg),6/6/2019,IR,Larva,NA,123.125,1232.25,3.090698827,0.185840708,0.044247788,NA,NA,NA,NA,NA,NA,NA,NA,NA,2.621,0.079646018,0.690265487
215,215,26,D,control,5/30/2019,31-May,None,NA,NA,6/7/2019,6/15/2019,1,1,0,7/3/2019,M,0,0,8,16,18,NA,NA,NA,NA,NA,NA,NA,NA,NA,NA,NA,NA,NA,NA,NA,970.94,54.13,27.81,1.95,NA,NA,NA
216,216,26,D,control,5/30/2019,31-May,None,NA,NA,6/5/2019,6/13/2019,1,1,0,6/27/2019,F,0,0,6,14,14,duplicated pint<U+0080>one died 6/5,NA,NA,NA,NA,NA,NA,NA,NA,NA,NA,NA,NA,NA,NA,798.63,43.23,26.94,1.6,NA,NA,NA
217,217,26,D,control,5/30/2019,31-May,Larva,6/4/2019,NA,6/7/2019,6/15/2019,1,1,0,7/4/2019,M,0,0,8,16,19,NA,6/4/2019,IR,Larva,1.3298,81.75,818.5,2.913018684,0.362745098,0.049019608,NA,NA,NA,NA,NA,905.41,52.44,27.08,1.94,0.93,0.117647059,0.470588235
218,218,26,D,control,5/30/2019,31-May,Pupa,6/11/2019,NA,6/7/2019,6/15/2019,1,1,0,6/30/2019,M,0,0,8,16,15,NA,6/11/2019,MRS,Pupa,1.3904,6.625,67.25,1.827692289,NA,NA,NA,NA,NA,NA,NA,NA,NA,NA,NA,2.216,NA,NA
219,219,26,D,control,5/30/2019,31-May,Pupa,6/11/2019,NA,6/6/2019,6/14/2019,1,1,0,6/29/2019,M,0,0,7,15,15,NA,6/11/2019,MRS,Pupa,1.2787,NA,NA,NA,NA,NA,NA,NA,NA,NA,NA,851.87,50.85,25.95,1.96,1.274,NA,NA
220,220,26,D,control,5/30/2019,31-May,None,NA,NA,6/7/2019,6/15/2019,1,1,0,7/12/2019,F,0,0,8,16,27,NA,NA,NA,NA,NA,NA,NA,NA,NA,NA,NA,NA,NA,NA,NA,995.93,53.95,28.43,1.9,NA,NA,NA
221,221,26,D,E3,5/30/2019,31-May,Larva,6/5/2019,NA,6/7/2019,6/15/2019,1,1,0,6/23/2019,M,1,5,8,16,8,NA,6/5/2019,IR,Larva,1.3255,87.125,872.25,2.940640978,0.333333333,0.057142857,IR,8/14/2019,9.25,462501,5.665112676,882.73,51.26,26.46,1.94,1.146,0.066666667,0.542857143
222,222,26,D,E3,5/30/2019,31-May,None,NA,6/7/2019,NA,NA,0,0,NA,NA,NA,NA,NA,NA,NA,NA,failed to pupate,NA,NA,NA,NA,NA,NA,NA,NA,NA,NA,NA,NA,NA,NA,NA,NA,NA,NA,NA,NA,NA
223,223,26,D,E3,5/30/2019,31-May,Larva,6/4/2019,NA,6/6/2019,6/14/2019,1,1,0,6/26/2019,F,1,5,7,15,12,NA,6/4/2019,SA,Larva,1.5262,221.625,2217.25,3.345814664,0.294642857,0.026785714,CB,8/22/2019,8.15,407501,5.610128679,898.48,51.63,26.71,1.93,3.041,0.044642857,0.633928571
224,224,26,D,E3,5/30/2019,31-May,Pupa,6/11/2019,NA,6/7/2019,6/15/2019,1,1,0,6/23/2019,F,1,5,8,16,8,NA,6/11/2019,MRS,Pupa,1.3417,3.5,36,1.556302501,NA,NA,CB,8/14/2019,14.8,740001,5.869232307,941.21,52.1,27.73,1.88,2.357,NA,NA
225,225,26,D,E3,5/30/2019,31-May,Pupa,6/11/2019,NA,6/7/2019,6/15/2019,1,1,0,7/4/2019,M,1,5,8,16,19,NA,6/11/2019,MRS,Pupa,1.6313,3.125,32.25,1.508529719,NA,NA,CB,8/19/2019,1.9,95001,4.977728177,987.61,53.47,28.06,1.91,2.527,NA,NA
226,226,26,D,E3,5/30/2019,31-May,Pupa,NA,6/5/2019,NA,NA,0,0,NA,NA,NA,NA,NA,NA,NA,NA,"death as 4th, brown",NA,NA,NA,NA,NA,NA,NA,NA,NA,NA,NA,NA,NA,NA,NA,NA,NA,NA,NA,NA,NA
227,227,26,D,E3,5/30/2019,31-May,None,NA,NA,6/7/2019,6/15/2019,1,1,0,6/23/2019,M,1,5,8,16,8,NA,NA,NA,NA,NA,NA,NA,NA,NA,NA,CB,8/14/2019,11,550001,5.740363479,913.5,52.49,26.82,1.96,NA,NA,NA
228,228,26,D,E3,5/30/2019,31-May,Pupa,6/13/2019,NA,6/8/2019,6/16/2019,1,1,0,6/22/2019,F,1,5,9,17,6,NA,6/13/2019,SA,Pupa,1.512,6,61,1.785329835,NA,NA,IR,8/15/2019,89.75,4487501,6.652004558,929.86,53.2,27.07,1.97,NA,NA,NA
229,229,26,D,E3,5/30/2019,31-May,None,NA,NA,6/6/2019,6/14/2019,1,1,0,6/23/2019,F,1,5,7,15,9,NA,NA,NA,NA,NA,NA,NA,NA,NA,NA,CB,8/14/2019,10.15,507501,5.705436902,850.96,48.61,26.18,1.86,NA,NA,NA
230,230,26,D,E3,5/30/2019,31-May,Larva,6/5/2019,NA,6/6/2019,6/14/2019,1,1,0,6/27/2019,M,NA,NA,7,15,13,NA,6/5/2019,SA,Larva,1.7424,201.5,2016,3.304490528,0.283687943,0.028368794,IR,8/19/2019,1.6,80001,4.903095416,901.3,52.35,26.81,1.95,2.035,0.035460993,0.65248227
231,231,26,D,E10,5/30/2019,5/31/2019,None,NA,6/8/2019,6/7/2019,NA,1,0,NA,NA,NA,NA,NA,8,NA,NA,death as brown pupa,NA,NA,NA,NA,NA,NA,NA,NA,NA,NA,NA,NA,NA,NA,NA,NA,NA,NA,NA,NA,NA
232,232,26,D,E10,5/30/2019,5/31/2019,None,NA,NA,6/7/2019,6/15/2019,1,1,0,7/2/2019,M,1,5,8,16,17,NA,NA,NA,NA,NA,NA,NA,NA,NA,NA,CB,8/19/2019,8.45,422501,5.625827741,975.67,53.98,27.85,1.94,NA,NA,NA
233,233,26,D,E10,5/30/2019,5/31/2019,None,NA,NA,6/7/2019,6/15/2019,1,1,0,7/16/2019,M,0,0,8,16,31,initial death date recorded as 6/26?? Might be accidentally for 223,NA,NA,NA,NA,NA,NA,NA,NA,NA,NA,NA,NA,NA,NA,901.02,53.65,26.45,2.03,NA,NA,NA
234,234,26,D,E10,5/30/2019,5/31/2019,Larva,NA,NA,6/7/2019,6/15/2019,1,1,0,7/9/2019,F,1,5,8,16,24,NA,NA,NA,NA,NA,NA,NA,NA,NA,NA,IR,8/22/2019,0.25,12501,4.096944755,919.3,51.34,27.39,1.87,NA,NA,NA
235,235,26,D,E10,5/30/2019,5/31/2019,Larva,6/5/2019,NA,6/7/2019,6/15/2019,1,1,0,6/24/2019,F,1,5,8,16,9,NA,6/5/2019,SA,Larva,1.5656,50.125,502.25,2.700919945,0.264150943,0.075471698,IR,8/19/2019,58.625,2931251,6.467053008,942.38,52.04,27.81,1.87,1.685,0.179245283,0.481132075
236,236,26,D,E10,5/30/2019,5/31/2019,None,NA,6/7/2019,NA,NA,0,0,NA,NA,NA,NA,NA,NA,NA,NA,hanging caterpillar,NA,NA,NA,NA,NA,NA,NA,NA,NA,NA,NA,NA,NA,NA,NA,NA,NA,NA,NA,NA,NA
237,237,26,D,E10,5/30/2019,5/31/2019,Larva,6/5/2019,NA,6/7/2019,6/15/2019,1,1,0,7/7/2019,M,1,4,8,16,22,NA,6/5/2019,SA,Larva,1.5141,96,961,2.982723388,0.324786325,0.068376068,CB,8/22/2019,0.05,2500,3.397940009,911.48,52.32,27.12,1.93,0.616,0.042735043,0.564102564
238,238,26,D,E10,5/30/2019,5/31/2019,None,NA,6/6/2019,NA,NA,0,0,NA,NA,NA,NA,NA,NA,NA,NA,death- hanging,NA,NA,NA,NA,NA,NA,NA,NA,NA,NA,NA,NA,NA,NA,NA,NA,NA,NA,NA,NA,NA
239,239,26,D,E10,5/30/2019,5/31/2019,Pupa,6/13/2019,NA,6/9/2019,6/16/2019,1,1,0,6/21/2019,F,1,5,10,17,5,NA,6/13/2019,SA,Pupa,1.0983,3.125,32.25,1.508529719,NA,NA,IR,8/22/2019,18.6,930001,5.968483416,787.63,48.3,24.82,1.95,2.15,NA,NA
240,240,26,D,E10,5/30/2019,5/31/2019,Pupa,6/11/2019,6/14/2019,6/6/2019,NA,1,0,NA,NA,NA,NA,NA,7,NA,NA,"malformed pupa, death brown pupa",6/11/2019,MRS,Pupa,1.2876,0.5,6,0.77815125,NA,NA,NA,NA,NA,NA,NA,NA,NA,NA,NA,NA,NA,NA
241,241,26,F,control,5/30/2019,5/31/2019,Pupa,6/11/2019,NA,6/7/2019,6/15/2019,1,1,0,7/11/2019,F,0,0,8,16,26,NA,6/11/2019,MRS,Pupa,1.4198,5.25,53.5,1.728353782,NA,NA,NA,NA,NA,NA,NA,797.38,51.72,23.41,2.21,1.856,NA,NA
242,242,26,F,control,5/30/2019,6/1/2019,Pupa,6/13/2019,NA,6/8/2019,6/16/2019,1,1,0,7/7/2019,M,0,0,9,17,21,NA,6/13/2019,SA,Pupa,1.498,4.5,46,1.662757832,NA,NA,NA,NA,NA,NA,NA,932.22,52.95,27.59,1.92,2.08,NA,NA
243,243,26,F,control,5/30/2019,5/31/2019,Pupa,6/13/2019,NA,6/8/2019,6/17/2019,1,1,2,6/29/2019,F,0,0,9,18,12,NA,6/13/2019,SA,Pupa,1.0189,5.625,57.25,1.757775491,NA,NA,NA,NA,NA,NA,NA,NA,NA,NA,NA,2.102,NA,NA
244,244,26,F,control,5/30/2019,5/31/2019,Pupa,6/13/2019,NA,6/8/2019,6/16/2019,1,1,0,7/10/2019,F,0,0,9,17,24,NA,6/13/2019,SA,Pupa,1.4703,0.5,6,0.77815125,NA,NA,NA,NA,NA,NA,NA,951.6,54.27,27.17,2,1.554,NA,NA
245,245,26,F,control,5/30/2019,5/31/2019,Larva,6/5/2019,NA,6/7/2019,6/15/2019,1,1,0,7/8/2019,M,0,0,8,16,23,NA,6/5/2019,IR,Larva,1.4862,114.125,1142.25,3.057761167,0.375,0.067307692,NA,NA,NA,NA,NA,917.75,52.46,27.34,1.92,1.616,0.086538462,0.471153846
246,246,26,F,control,5/30/2019,5/31/2019,None,NA,NA,6/7/2019,6/15/2019,1,1,0,7/7/2019,F,0,0,8,16,22,NA,NA,NA,NA,NA,NA,NA,NA,NA,NA,NA,NA,NA,NA,NA,934.97,54.09,26.6,2.03,NA,NA,NA
247,247,26,F,control,5/30/2019,6/1/2019,None,NA,NA,6/8/2019,6/16/2019,1,1,0,7/9/2019,F,0,0,9,17,23,NA,NA,NA,NA,NA,NA,NA,NA,NA,NA,NA,NA,NA,NA,NA,903.3,52.9,26.49,2,NA,NA,NA
248,248,26,F,control,5/30/2019,5/31/2019,Pupa,6/13/2019,NA,6/9/2019,6/17/2019,1,1,2,6/29/2019,M,0,0,10,18,12,NA,6/13/2019,SA,Pupa,0.9347,4.75,48.5,1.685741739,NA,NA,NA,NA,NA,NA,NA,NA,NA,NA,NA,1.99,NA,NA
249,249,26,F,control,5/30/2019,5/31/2019,None,NA,6/17/2019,6/9/2019,NA,1,0,NA,NA,NA,NA,NA,10,NA,NA,pupa turned brown,NA,NA,NA,NA,NA,NA,NA,NA,NA,NA,NA,NA,NA,NA,NA,NA,NA,NA,NA,NA,NA
250,250,26,F,control,5/30/2019,5/31/2019,None,NA,6/11/2019,NA,NA,0,0,NA,NA,NA,NA,NA,NA,NA,NA,death as 4th instar- brown,NA,NA,NA,NA,NA,NA,NA,NA,NA,NA,NA,NA,NA,NA,NA,NA,NA,NA,NA,NA,NA
251,251,26,F,E3,5/30/2019,5/31/2019,Pupa,NA,6/14/2019,NA,NA,0,0,NA,NA,NA,NA,NA,NA,NA,NA,dead as 3rd,NA,NA,NA,NA,NA,NA,NA,NA,NA,NA,NA,NA,NA,NA,NA,NA,NA,NA,NA,NA,NA
252,252,26,F,E3,5/30/2019,5/31/2019,Pupa,6/11/2019,NA,6/6/2019,6/15/2019,1,1,0,6/28/2019,M,1,5,7,16,13,NA,6/11/2019,MRS,Pupa,1.4346,0.375,4.75,0.67669361,NA,NA,IR,8/19/2019,4.65,232501,5.366424825,859.3,50.58,26.42,1.91,1.581,NA,NA
253,253,26,F,E3,5/30/2019,5/31/2019,Pupa,6/11/2019,NA,6/7/2019,6/15/2019,1,1,0,6/20/2019,F,1,5,8,16,5,NA,6/11/2019,MRS,Pupa,1.4518,9.25,93.5,1.970811611,NA,NA,IR,8/15/2019,52.125,2606251,6.416016239,926.57,52.12,27.2,1.92,2.219,NA,NA
254,254,26,F,E3,5/30/2019,5/31/2019,Larva,6/4/2019,NA,6/7/2019,6/15/2019,1,1,0,6/30/2019,M,1,5,8,16,15,NA,6/4/2019,IR,Larva,1.3142,109.625,1097.25,3.04030559,0.18627451,0.078431373,CB,8/19/2019,4.85,242501,5.384713534,887.81,52.16,26.11,2,0.784,0.088235294,0.647058824
255,255,26,F,E3,5/30/2019,5/31/2019,None,NA,NA,6/10/2019,6/17/2019,1,1,0,6/26/2019,F,1,5,11,18,9,NA,NA,NA,NA,NA,NA,NA,NA,NA,NA,IR,8/15/2019,8.2,410001,5.612784916,NA,NA,NA,NA,NA,NA,NA
256,256,26,F,E3,5/30/2019,5/31/2019,Pupa,6/13/2019,NA,6/7/2019,6/15/2019,1,1,0,6/23/2019,M,1,5,8,16,8,NA,6/13/2019,SA,Pupa,1.485,4.25,43.5,1.638489257,NA,NA,IR,8/15/2019,11.35,567501,5.753966631,950.75,52.62,27.6,1.91,2.122,NA,NA
257,257,26,F,E3,5/30/2019,5/31/2019,Larva,6/6/2019,6/9/2019,6/7/2019,NA,1,0,NA,NA,NA,NA,NA,8,NA,NA,death as dark pupa,6/6/2019,IR,Larva,1.8775,98.75,988.5,2.994976674,0.235294118,0.078431373,NA,NA,NA,NA,NA,NA,NA,NA,NA,3.319,0.058823529,0.62745098
258,258,26,F,E3,5/30/2019,5/31/2019,Larva,6/5/2019,NA,6/7/2019,6/15/2019,1,1,0,7/5/2019,F,0,0,8,16,20,NA,6/5/2019,IR,Larva,1.4147,122.375,1224.75,3.088047448,0.265486726,0.026548673,NA,NA,NA,NA,NA,910.25,51.3,27.19,1.89,1.607,0.079646018,0.628318584
259,259,26,F,E3,5/30/2019,5/31/2019,Pupa,NA,NA,6/7/2019,6/15/2019,1,1,0,6/29/2019,F,NA,NA,8,16,14,NA,NA,NA,NA,NA,NA,NA,NA,NA,NA,NA,NA,NA,NA,NA,895.64,51.49,27.4,1.88,NA,NA,NA
260,260,26,F,E3,5/30/2019,5/31/2019,Larva,6/4/2019,NA,6/7/2019,6/15/2019,1,1,0,6/26/2019,M,1,5,8,16,11,NA,6/4/2019,SA,Larva,1.2157,120.5,1206,3.081347308,0.208695652,0.069565217,IR,8/15/2019,13.15,657501,5.817896418,905.73,51.97,26.88,1.93,1.082,0.052173913,0.669565217
261,261,26,F,E10,5/30/2019,5/31/2019,None,NA,NA,6/9/2019,6/16/2019,1,1,0,6/30/2019,M,1,5,10,17,14,death 3rd???- found on 6/9 alive,NA,NA,NA,NA,NA,NA,NA,NA,NA,IR,8/19/2019,2,100001,5.000004343,923.63,52.72,27.55,1.91,NA,NA,NA
262,262,26,F,E10,5/30/2019,5/31/2019,Larva,6/5/2019,NA,6/8/2019,6/16/2019,1,1,0,6/22/2019,M,1,5,9,17,6,NA,6/5/2019,IR,Larva,1.3418,93.5,936,2.971275849,0.474074074,0.022222222,IR,8/19/2019,14.75,737501,5.867762614,882.48,51.74,26.31,1.97,1.309,0.051851852,0.451851852
263,263,26,F,E10,5/30/2019,5/31/2019,Pupa,6/13/2019,NA,6/8/2019,6/16/2019,1,1,0,7/9/2019,M,1,5,9,17,23,NA,6/13/2019,SA,Pupa,1.7005,4.25,43.5,1.638489257,NA,NA,IR,8/22/2019,1.1,55001,4.740370586,990.17,54.24,28.24,1.92,2.279,NA,NA
264,264,26,F,E10,5/30/2019,6/1/2019,Larva,6/6/2019,NA,6/9/2019,6/17/2019,1,1,0,6/22/2019,M,1,5,10,18,5,NA,6/6/2019,IR,Larva,1.4332,71.375,714.75,2.854154164,0.269230769,0.048076923,IR,8/19/2019,41.875,2093751,6.320925032,940.73,53.08,27.73,1.91,0.959,0.067307692,0.615384615
265,265,26,F,E10,5/30/2019,5/31/2019,None,NA,NA,6/7/2019,6/15/2019,1,1,0,6/25/2019,M,1,5,8,16,10,NA,NA,NA,NA,NA,NA,NA,NA,NA,NA,CB,8/19/2019,3.4,170001,5.230451476,957.19,54.81,27.01,2.03,NA,NA,NA
266,266,26,F,E10,5/30/2019,5/31/2019,Pupa,6/13/2019,NA,6/7/2019,6/15/2019,1,1,0,6/21/2019,F,1,5,8,16,6,NA,6/13/2019,SA,Pupa,1.3066,4,41,1.612783857,NA,NA,IR,8/19/2019,17.3,865001,5.93701661,874.02,50.91,27,1.89,1.435,NA,NA
267,267,26,F,E10,5/30/2019,5/31/2019,Pupa,6/13/2019,NA,6/7/2019,6/15/2019,1,1,0,6/23/2019,M,1,5,8,16,8,NA,6/13/2019,SA,Pupa,1.4695,6.375,64.75,1.811239773,NA,NA,IR,8/22/2019,10.9,545001,5.736397299,900.17,51.21,27.05,1.89,NA,NA,NA
268,268,26,F,E10,5/30/2019,5/31/2019,None,NA,6/26/2019,NA,NA,0,0,NA,NA,NA,NA,NA,NA,NA,NA,still cat. on 6/24,NA,NA,NA,NA,NA,NA,NA,NA,NA,NA,NA,NA,NA,NA,NA,NA,NA,NA,NA,NA,NA
269,269,26,F,E10,5/30/2019,5/31/2019,Pupa,6/13/2019,NA,6/7/2019,6/15/2019,1,1,0,6/21/2019,F,1,5,8,16,6,NA,6/13/2019,SA,Pupa,1.4848,1.875,19.75,1.2955671,NA,NA,IR,8/22/2019,14.05,702501,5.846646947,972.87,54.98,27.26,2.02,1.938,NA,NA
270,270,26,F,E10,5/30/2019,5/31/2019,Pupa,6/13/2019,NA,6/7/2019,6/15/2019,1,1,0,6/24/2019,F,1,5,8,16,9,NA,6/13/2019,SA,Pupa,1.2706,5.25,53.5,1.728353782,NA,NA,CB,8/19/2019,7,350001,5.544069285,879.07,52.77,26.34,2,0.96,NA,NA
271,271,22,B,control,5/31/2019,6/2/2019,Pupa,6/20/2019,NA,6/13/2019,6/27/2019,1,1,1,7/12/2019,F,0,0,13,27,15,NA,6/20/2019,IR,Pupa,1.4173,12,121,2.08278537,NA,NA,NA,NA,NA,NA,NA,718.42,48.24,23.55,2.05,1.987,NA,NA
272,272,22,B,control,5/31/2019,6/1/2019,None,NA,6/11/2019,NA,NA,0,0,NA,NA,NA,NA,NA,NA,NA,NA,death as 5th - failed to pupate,NA,NA,NA,NA,NA,NA,NA,NA,NA,NA,NA,NA,NA,NA,NA,NA,NA,NA,NA,NA,NA
273,273,22,B,control,5/31/2019,6/2/2019,None,NA,NA,6/14/2019,6/27/2019,1,1,0,7/18/2019,M,0,0,14,27,21,NA,NA,NA,NA,NA,NA,NA,NA,NA,NA,NA,NA,NA,NA,NA,870.53,52.36,26.22,2,NA,NA,NA
274,274,22,B,control,5/31/2019,6/2/2019,Pupa,6/20/2019,NA,6/13/2019,6/27/2019,1,1,0,7/17/2019,M,0,0,13,27,20,NA,6/20/2019,IR,Pupa,1.5962,9.125,92.25,1.964966375,NA,NA,NA,NA,NA,NA,NA,827.79,50.41,25.78,1.96,NA,NA,NA
275,275,22,B,control,5/31/2019,6/2/2019,None,NA,NA,6/13/2019,6/27/2019,1,1,0,7/15/2019,M,0,0,13,27,18,NA,NA,NA,NA,NA,NA,NA,NA,NA,NA,NA,NA,NA,NA,NA,807.94,49.16,25.49,1.93,NA,NA,NA
276,276,22,B,control,5/31/2019,6/1/2019,None,NA,NA,6/12/2019,6/26/2019,1,1,0,7/12/2019,M,0,0,12,26,16,NA,NA,NA,NA,NA,NA,NA,NA,NA,NA,NA,NA,NA,NA,NA,843.47,50.45,26.15,1.93,NA,NA,NA
277,277,22,B,control,5/31/2019,6/1/2019,Larva,6/9/2019,NA,6/11/2019,6/26/2019,1,1,0,7/13/2019,M,0,0,11,26,17,NA,6/9/2019,SA,Larva,1.4056,106.25,1063.5,3.026737494,0.346774194,0.040322581,NA,NA,NA,NA,NA,839,50.49,26.02,1.94,1.357,0.072580645,0.540322581
278,278,22,B,control,5/31/2019,6/1/2019,Larva,6/9/2019,6/11/2019,NA,NA,0,0,NA,NA,NA,NA,NA,NA,NA,NA,death as hanging 5th,6/9/2019,SA,Larva,1.1154,227.125,2272.25,3.356456112,0.272727273,0.009090909,NA,NA,NA,NA,NA,NA,NA,NA,NA,2.44,0.045454545,0.672727273
279,279,22,B,control,5/31/2019,6/1/2019,Larva,6/9/2019,NA,6/12/2019,6/25/2019,1,1,0,7/12/2019,F,0,0,12,25,17,NA,6/9/2019,SA,Larva,1.0915,90.5,906,2.957128198,0.254545455,0.009090909,NA,NA,NA,NA,NA,655.82,46.1,21.94,2.1,1.537,0.072727273,0.663636364
280,280,22,B,control,5/31/2019,6/1/2019,None,NA,NA,6/11/2019,6/26/2019,1,1,0,7/20/2019,M,0,0,11,26,24,NA,NA,NA,NA,NA,NA,NA,NA,NA,NA,NA,NA,NA,NA,NA,824.74,50.08,25.8,1.94,NA,NA,NA
281,281,22,B,E3,5/31/2019,6/2/2019,Larva,6/10/2019,NA,6/13/2019,6/26/2019,1,1,0,7/8/2019,F,1,5,13,26,12,NA,6/10/2019,MRS,Larva,1.0877,156.625,1567.25,3.195138279,0.205298013,0.013245033,NA,NA,NA,NA,NA,804.06,49.59,25.3,1.96,0.955,0.086092715,0.695364238
282,282,22,B,E3,5/31/2019,6/1/2019,Pupa,6/18/2019,NA,6/12/2019,6/26/2019,1,1,0,7/3/2019,M,1,5,12,26,7,NA,6/18/2019,IR,Pupa,1.4118,6,61,1.785329835,NA,NA,IR,8/26/2019,12.4,620001,5.79239239,851.18,48.46,26.71,1.81,2.258,NA,NA
283,283,22,B,E3,6/2/2019,6/3/2019,Pupa,6/21/2019,NA,6/14/2019,6/27/2019,1,1,0,7/3/2019,F,1,5,12,25,6,NA,6/21/2019,IR,Pupa,1.257,9.625,97.25,1.98788961,NA,NA,CB,8/26/2019,6.9,345001,5.537820354,NA,NA,NA,NA,2.427,NA,NA
284,284,22,B,E3,5/31/2019,6/2/2019,Pupa,6/20/2019,NA,6/13/2019,6/27/2019,1,1,2,7/12/2019,M,0,1,13,27,15,NA,6/20/2019,MRS,Pupa,1.4835,0.625,7.25,0.860338007,NA,NA,NA,NA,NA,NA,NA,NA,NA,NA,NA,2.395,NA,NA
285,285,22,B,E3,5/31/2019,6/1/2019,Pupa,NA,6/15/2019,NA,NA,0,0,NA,NA,NA,NA,NA,NA,NA,NA,"death as hanging, brown 5th, failed to pupate",NA,NA,NA,NA,NA,NA,NA,NA,NA,NA,NA,NA,NA,NA,NA,NA,NA,NA,NA,NA,NA
286,286,22,B,E3,5/31/2019,6/1/2019,Larva,6/9/2019,6/12/2019,NA,NA,0,0,NA,NA,NA,NA,NA,NA,NA,NA,death as brown 5th,6/9/2019,SA,Larva,1.342,42.5,426,2.629409599,0.133333333,0.016666667,NA,NA,NA,NA,NA,NA,NA,NA,NA,1.274,0.091666667,0.758333333
287,287,22,B,E3,5/31/2019,6/1/2019,None,NA,NA,6/11/2019,6/25/2019,1,1,0,7/2/2019,F,1,5,11,25,7,NA,NA,NA,NA,NA,NA,NA,NA,NA,NA,CB,8/22/2019,12.1,605001,5.781756092,833.61,50.92,25.42,2,NA,NA,NA
288,288,22,B,E3,6/1/2019,6/2/2019,None,NA,6/15/2019,6/13/2019,NA,1,0,NA,NA,NA,NA,NA,12,NA,NA,dead black pupa,NA,NA,NA,NA,NA,NA,NA,NA,NA,NA,NA,NA,NA,NA,NA,NA,NA,NA,NA,NA,NA
289,289,22,B,E3,6/1/2019,6/2/2019,Pupa,6/19/2019,NA,6/12/2019,6/26/2019,1,1,3,6/30/2019,F,1,5,11,25,4,NA,6/19/2019,IR,Pupa,1.27,7.5,76,1.880813592,NA,NA,IR,8/26/2019,23.25,1162501,6.065393335,NA,NA,NA,NA,2.349,NA,NA
290,290,22,B,E3,6/1/2019,6/2/2019,Pupa,6/18/2019,NA,6/12/2019,6/26/2019,1,1,0,7/1/2019,F,1,5,11,25,5,NA,6/18/2019,IR,Pupa,1.3477,2.875,29.75,1.47348697,NA,NA,CB,8/26/2019,35.65,1782501,6.251029782,850.62,48.48,26.91,1.8,2.436,NA,NA
291,291,22,B,E10,6/1/2019,6/2/2019,None,NA,NA,6/13/2019,6/27/2019,1,1,0,7/3/2019,F,1,5,12,26,6,NA,NA,NA,NA,NA,NA,NA,NA,NA,NA,CB,8/29/2019,13.35,667501,5.824451921,859.25,50.4,26.29,1.92,NA,NA,NA
292,292,22,B,E10,6/3/2019,6/4/2019,Pupa,6/23/2019,NA,6/16/2019,6/29/2019,1,1,0,7/8/2019,F,1,5,13,26,9,NA,6/23/2019,MRS,Pupa,1.2576,14.25,143.5,2.156851901,NA,NA,IR,8/29/2019,7,350001,5.544069285,827.98,49.56,25.51,1.94,2.139,NA,NA
293,293,22,B,E10,5/31/2019,6/1/2019,Larva,6/13/2019,NA,6/14/2019,6/27/2019,1,1,0,7/5/2019,F,1,5,14,27,8,NA,6/13/2019,SA,Larva,1.3795,243.375,2434.75,3.386454375,0.247706422,0.027522936,IR,8/26/2019,14.6,730001,5.863323455,765.77,47.69,24.53,1.94,2.92,0.082568807,0.642201835
294,294,22,B,E10,6/3/2019,6/4/2019,None,NA,6/28/2019,6/14/2019,NA,1,0,NA,NA,NA,NA,NA,11,NA,NA,NA,NA,NA,NA,NA,NA,NA,NA,NA,NA,NA,NA,NA,NA,NA,NA,NA,NA,NA,NA,NA,NA
295,295,22,B,E10,6/2/2019,6/3/2019,Larva,NA,NA,6/14/2019,6/28/2019,1,1,0,7/9/2019,M,1,5,12,26,11,NA,NA,NA,NA,NA,NA,NA,NA,NA,NA,IR,8/29/2019,11.45,572501,5.75777625,892.96,49.97,27.02,1.85,NA,NA,NA
296,296,22,B,E10,6/2/2019,6/3/2019,None,NA,NA,6/14/2019,6/27/2019,1,1,0,7/4/2019,F,1,5,12,25,7,replaced inoc. caterpillar,NA,NA,NA,NA,NA,NA,NA,NA,NA,CB,8/29/2019,14.05,702501,5.846646947,877.05,51.13,26.75,1.91,NA,NA,NA
297,297,22,B,E10,6/3/2019,6/4/2019,None,NA,NA,6/15/2019,6/29/2019,1,1,0,7/13/2019,M,0,0,12,26,14,replaced inoc. caterpillar,NA,NA,NA,NA,NA,NA,NA,NA,NA,NA,NA,NA,NA,NA,890.95,52.13,26.57,1.96,NA,NA,NA
298,298,22,B,E10,6/2/2019,6/3/2019,Pupa,6/21/2019,NA,6/14/2019,6/27/2019,1,1,0,7/4/2019,M,1,5,12,25,7,NA,6/21/2019,IR,Pupa,1.3433,6.75,68.5,1.835690571,NA,NA,CB,8/29/2019,19.55,977501,5.99011721,858.51,51.07,26.08,1.96,2.383,NA,NA
299,299,22,B,E10,6/2/2019,6/3/2019,Pupa,6/22/2019,6/25/2019,6/15/2019,NA,1,0,NA,NA,NA,NA,NA,13,NA,NA,dead black pupa,6/22/2019,IR,Pupa,1.3776,NA,NA,NA,NA,NA,NA,NA,NA,NA,NA,NA,NA,NA,NA,2.616,NA,NA
300,300,22,B,E10,6/2/2019,6/3/2019,Pupa,6/21/2019,NA,6/14/2019,6/27/2019,1,1,3,7/1/2019,F,1,5,12,25,4,NA,6/21/2019,IR,Pupa,1.3834,9.125,92.25,1.964966375,NA,NA,CB,8/29/2019,68.5,3425001,6.534660703,NA,NA,NA,NA,NA,NA,NA
301,301,22,D,control,5/31/2019,6/1/2019,None,NA,NA,6/12/2019,6/26/2019,1,1,0,7/13/2019,F,0,0,12,26,17,NA,NA,NA,NA,NA,NA,NA,NA,NA,NA,NA,NA,NA,NA,NA,884.63,52.18,26.57,1.96,NA,NA,NA
302,302,22,D,control,5/31/2019,6/1/2019,Pupa,6/19/2019,NA,6/12/2019,6/26/2019,1,1,1,7/11/2019,M,0,0,12,26,15,NA,6/19/2019,IR,Pupa,1.3513,NA,NA,NA,NA,NA,NA,NA,NA,NA,NA,NA,NA,NA,NA,NA,NA,NA
303,303,22,D,control,5/31/2019,6/1/2019,Larva,6/9/2019,NA,6/11/2019,6/25/2019,1,1,0,7/13/2019,M,0,0,11,25,18,NA,6/9/2019,SA,Larva,1.3864,136.75,1368.5,3.136244802,0.234482759,0.034482759,NA,NA,NA,NA,NA,837.59,50.36,25.9,1.94,1.99,0.068965517,0.662068966
304,304,22,D,control,5/31/2019,6/1/2019,Pupa,6/17/2019,NA,6/11/2019,6/25/2019,1,1,0,7/13/2019,M,0,0,11,25,18,NA,6/17/2019,MRS,Pupa,1.549,10.125,102.25,2.009663317,NA,NA,NA,NA,NA,NA,NA,910.85,53.34,27.03,1.97,2.517,NA,NA
305,305,22,D,control,5/31/2019,6/1/2019,Larva,6/9/2019,6/11/2019,NA,NA,0,0,NA,NA,NA,NA,NA,NA,NA,NA,failed to pupate,6/9/2019,SA,Larva,1.8236,142.75,1428.5,3.154880245,0.278571429,0.085714286,NA,NA,NA,NA,NA,NA,NA,NA,NA,2.083,0.028571429,0.607142857
306,306,22,D,control,5/31/2019,6/1/2019,None,NA,NA,6/11/2019,6/26/2019,1,0,0,7/15/2019,F,0,0,11,26,19,pupation date not precise,NA,NA,NA,NA,NA,NA,NA,NA,NA,NA,NA,NA,NA,NA,886.58,52.35,26.14,2,NA,NA,NA
307,307,22,D,control,5/31/2019,6/1/2019,Pupa,6/17/2019,NA,6/11/2019,6/26/2019,1,1,0,7/13/2019,M,0,0,11,26,17,NA,6/17/2019,MRS,Pupa,1.4264,4.5,46,1.662757832,NA,NA,NA,NA,NA,NA,NA,877.52,52.69,26.55,1.98,NA,NA,NA
308,308,22,D,control,5/31/2019,6/1/2019,None,NA,NA,6/12/2019,6/25/2019,1,1,0,7/16/2019,M,0,0,12,25,21,NA,NA,NA,NA,NA,NA,NA,NA,NA,NA,NA,NA,NA,NA,NA,876.08,51.63,26.28,1.96,NA,NA,NA
309,309,22,D,control,5/31/2019,6/1/2019,Larva,6/9/2019,NA,6/12/2019,6/26/2019,1,1,0,7/10/2019,F,0,0,12,26,14,NA,6/9/2019,SA,Larva,1.2435,161.125,1612.25,3.207432386,0.443609023,0.030075188,NA,NA,NA,NA,NA,859.53,51.09,26.25,1.95,1.118,0.052631579,0.473684211
310,310,22,D,control,5/31/2019,6/1/2019,Pupa,6/17/2019,NA,6/11/2019,6/25/2019,1,1,0,7/13/2019,F,0,0,11,25,18,NA,6/17/2019,IR,Pupa,1.3986,9.25,93.5,1.970811611,NA,NA,NA,NA,NA,NA,NA,886.39,51.83,26.88,1.93,2.696,NA,NA
311,311,22,D,E3,5/31/2019,6/1/2019,Pupa,6/19/2019,NA,6/12/2019,6/26/2019,1,1,0,7/7/2019,M,1,5,12,26,11,NA,6/19/2019,IR,Pupa,1.4577,12.75,128.5,2.108903128,NA,NA,IR,8/26/2019,10.45,522501,5.718087126,874.06,51.29,26.66,1.92,2.229,NA,NA
312,312,22,D,E3,5/31/2019,6/1/2019,None,NA,NA,6/12/2019,6/25/2019,1,1,0,7/4/2019,F,1,5,12,25,9,NA,NA,NA,NA,NA,NA,NA,NA,NA,NA,CB,8/26/2019,15.2,760001,5.880814164,849.62,50.21,26.18,1.92,NA,NA,NA
313,313,22,D,E3,5/31/2019,6/1/2019,Pupa,6/20/2019,6/26/2019,6/13/2019,NA,1,0,NA,NA,NA,NA,NA,13,NA,NA,black pupa,6/20/2019,MRS,Pupa,1.1182,5.75,58.5,1.767155866,NA,NA,NA,NA,NA,NA,NA,NA,NA,NA,NA,2.658,NA,NA
314,314,22,D,E3,5/31/2019,6/1/2019,Pupa,6/19/2019,NA,6/12/2019,6/25/2019,1,1,0,7/3/2019,F,1,5,12,25,8,NA,6/19/2019,IR,Pupa,1.2681,7.875,79.75,1.901730692,NA,NA,CB,8/26/2019,9.15,457501,5.660392048,844.09,50.23,26.05,1.93,2.349,NA,NA
315,315,22,D,E3,5/31/2019,6/1/2019,None,NA,NA,6/12/2019,6/25/2019,1,1,0,7/6/2019,M,1,5,12,25,11,NA,NA,NA,NA,NA,NA,NA,NA,NA,NA,IR,10/3/2019,12.15,607501,5.783546997,983.12,54.85,27.65,1.98,NA,NA,NA
316,316,22,D,E3,6/1/2019,6/2/2019,Larva,6/9/2019,NA,6/12/2019,6/27/2019,1,1,NA,7/7/2019,M,1,5,11,26,10,NA,6/9/2019,SA,Larva,1.2351,78.25,783.5,2.894039001,0.412429379,0.016949153,IR,8/26/2019,11.4,570001,5.755875618,935.68,51.9,27.69,1.87,1.108,0.06779661,0.502824859
317,317,22,D,E3,5/31/2019,6/1/2019,None,NA,NA,6/14/2019,6/28/2019,1,1,0,7/5/2019,M,1,5,14,28,7,NA,NA,NA,NA,NA,NA,NA,NA,NA,NA,CB,8/26/2019,21,1050001,6.021189713,977.59,53.54,28.01,1.91,NA,NA,NA
318,318,22,D,E3,6/1/2019,6/2/2019,Pupa,6/20/2019,NA,6/13/2019,6/26/2019,1,1,3,7/1/2019,F,1,5,12,25,5,NA,6/20/2019,MRS,Pupa,1.3056,11.875,119.75,2.078275522,NA,NA,CB,8/22/2019,106,5300001,6.724275952,NA,NA,NA,NA,2.59,NA,NA
319,319,22,D,E3,5/31/2019,6/1/2019,Larva,6/9/2019,NA,6/11/2019,6/25/2019,1,1,0,7/11/2019,F,0,1,11,25,16,NA,6/9/2019,SA,Larva,1.4146,110.5,1106,3.043755127,0.316666667,0.033333333,NA,NA,NA,NA,NA,817.78,48.97,25.95,1.89,0.952,0.058333333,0.591666667
320,320,22,D,E3,5/31/2019,6/1/2019,Larva,6/9/2019,NA,6/11/2019,6/25/2019,1,1,0,7/14/2019,M,1,5,11,25,19,NA,6/9/2019,SA,Larva,1.4914,156.25,1563.5,3.194097886,0.34591195,0.012578616,CB,8/26/2019,2.35,117501,5.070041563,800.52,49.69,25.08,1.98,1.582,0.044025157,0.597484277
321,321,22,D,E10,5/31/2019,6/1/2019,Pupa,6/17/2019,NA,6/11/2019,6/25/2019,1,1,3,7/1/2019,NA,NA,NA,11,25,6,failed to fully eclose,6/17/2019,MRS,Pupa,1.333,4.625,47.25,1.674401813,NA,NA,CB,8/29/2019,0.6,30001,4.477135731,NA,NA,NA,NA,2.483,NA,NA
322,322,22,D,E10,5/31/2019,6/1/2019,Pupa,6/17/2019,6/24/2019,6/11/2019,NA,1,0,NA,NA,NA,NA,NA,11,NA,NA,dead black pupa,6/17/2019,IR,Pupa,1.4132,8.125,82.25,1.915135907,NA,NA,NA,NA,NA,NA,NA,NA,NA,NA,NA,2.276,NA,NA
323,323,22,D,E10,6/1/2019,6/2/2019,Pupa,6/19/2019,6/25/2019,6/12/2019,NA,1,0,NA,NA,NA,NA,NA,11,NA,NA,dead black pupa,6/19/2019,IR,Pupa,1.2855,3.5,36,1.556302501,NA,NA,NA,NA,NA,NA,NA,NA,NA,NA,NA,2.484,NA,NA
324,324,22,D,E10,5/31/2019,6/1/2019,Larva,6/9/2019,NA,6/12/2019,6/25/2019,1,1,0,7/8/2019,M,1,5,12,25,13,NA,6/9/2019,SA,Larva,1.23,91.125,912.25,2.960113872,0.239669421,0.05785124,IR,8/29/2019,5.9,295001,5.469823488,820.16,49.85,25.61,1.95,1.54,0.066115702,0.636363636
325,325,22,D,E10,5/31/2019,6/1/2019,None,NA,NA,6/12/2019,6/25/2019,1,1,0,7/12/2019,M,1,5,12,25,17,NA,NA,NA,NA,NA,NA,NA,NA,NA,NA,IR,8/29/2019,3.25,162501,5.210856038,908.77,53.12,26.55,2,NA,NA,NA
326,326,22,D,E10,6/1/2019,6/2/2019,Pupa,6/20/2019,6/26/2019,6/13/2019,NA,1,0,NA,NA,NA,NA,NA,12,NA,NA,dead black pupa,6/20/2019,MRS,Pupa,1.5689,6.875,69.75,1.843544212,NA,NA,NA,NA,NA,NA,NA,NA,NA,NA,NA,2.132,NA,NA
327,327,22,D,E10,6/1/2019,6/2/2019,Larva,6/10/2019,NA,6/13/2019,6/27/2019,1,1,0,7/8/2019,M,1,5,12,26,11,NA,6/10/2019,MRS,Larva,1.2828,144.25,1443.5,3.159416788,0.18852459,0.032786885,IR,8/29/2019,8.1,405001,5.607456096,820.74,48.86,25.59,1.91,2.965,0.057377049,0.721311475
328,328,22,D,E10,5/31/2019,6/1/2019,Pupa,6/20/2019,NA,6/13/2019,6/25/2019,1,1,0,7/10/2019,F,0,1,13,25,15,NA,6/20/2019,MRS,Pupa,1.3019,6.625,67.25,1.827692289,NA,NA,NA,NA,NA,NA,NA,844.41,50.18,25.72,1.95,2.471,NA,NA
329,329,22,D,E10,5/31/2019,6/1/2019,Pupa,6/17/2019,NA,6/11/2019,6/24/2019,1,1,0,7/3/2019,F,1,5,11,24,9,NA,6/17/2019,IR,Pupa,1.3575,6.5,66,1.819543936,NA,NA,IR,8/29/2019,34.25,1712501,6.233630834,854.26,51.28,25.9,1.98,2.263,NA,NA
330,330,22,D,E10,6/1/2019,6/2/2019,None,NA,NA,6/13/2019,6/26/2019,1,1,0,7/6/2019,M,1,5,12,25,10,NA,NA,NA,NA,NA,NA,NA,NA,NA,NA,IR,8/22/2019,4.4,220001,5.342424655,910.74,51.91,27.4,1.89,NA,NA,NA
331,331,22,F,control,5/31/2019,6/1/2019,None,NA,NA,6/12/2019,6/25/2019,1,1,0,7/12/2019,F,0,0,12,25,17,from 26C,NA,NA,NA,NA,NA,NA,NA,NA,NA,NA,NA,NA,NA,NA,911.61,52.08,27.36,1.9,NA,NA,NA
332,332,22,F,control,5/31/2019,6/1/2019,None,NA,6/6/2019,NA,NA,0,0,NA,NA,NA,NA,NA,NA,NA,NA,"from 26C, dead brown 3rd instar",NA,NA,NA,NA,NA,NA,NA,NA,NA,NA,NA,NA,NA,NA,NA,NA,NA,NA,NA,NA,NA
333,333,22,F,control,5/31/2019,6/1/2019,Larva,6/8/2019,NA,6/11/2019,6/25/2019,1,1,0,7/14/2019,M,0,0,11,25,19,from 26C,6/8/2019,MRS,Larva,1.4144,75.125,752.25,2.876362196,0.416666667,0.027777778,NA,NA,NA,NA,NA,894.03,53.25,26,2.05,1.132,0.046296296,0.509259259
334,334,22,F,control,5/31/2019,6/1/2019,Pupa,6/17/2019,NA,6/11/2019,6/25/2019,1,1,3,6/28/2019,M,0,0,11,25,3,from 26C,6/17/2019,MRS,Pupa,1.5331,12.125,122.25,2.087248868,NA,NA,NA,NA,NA,NA,NA,NA,NA,NA,NA,2.28,NA,NA
335,335,22,F,control,5/31/2019,6/1/2019,Larva,6/9/2019,NA,6/11/2019,6/26/2019,1,1,0,7/16/2019,M,0,0,11,26,20,from 26C,6/9/2019,SA,Larva,1.6473,167.25,1673.5,3.223625717,0.14,0.02,NA,NA,NA,NA,NA,844.88,51.53,25.48,2.02,1.649,0.02,0.82
336,336,22,F,control,6/1/2019,6/2/2019,None,NA,NA,6/11/2019,6/25/2019,1,1,0,7/13/2019,F,0,0,10,24,18,from 26C,NA,NA,NA,NA,NA,NA,NA,NA,NA,NA,NA,NA,NA,NA,924.19,53.11,26.83,1.98,NA,NA,NA
337,337,22,F,control,5/31/2019,6/1/2019,Larva,6/9/2019,NA,6/11/2019,6/25/2019,1,1,0,7/14/2019,F,0,0,11,25,19,from 26C,6/9/2019,SA,Larva,1.4914,196.125,1962.25,3.292754338,0.389705882,0.029411765,NA,NA,NA,NA,NA,850.21,51.78,25.71,2.01,1.887,0.051470588,0.529411765
338,338,22,F,control,5/31/2019,6/1/2019,Larva,6/8/2019,NA,6/11/2019,6/25/2019,1,1,0,7/11/2019,M,0,0,11,25,16,from 26C,6/8/2019,MRS,Larva,1.2689,72.375,724.75,2.860188224,0.289719626,0.037383178,NA,NA,NA,NA,NA,825.49,50.73,25.36,2,0.714,0.065420561,0.607476636
339,339,22,F,control,5/31/2019,6/1/2019,None,NA,NA,6/12/2019,6/26/2019,1,1,0,7/13/2019,F,0,0,12,26,17,from 26C,NA,NA,NA,NA,NA,NA,NA,NA,NA,NA,NA,NA,NA,NA,930.27,52.62,27.76,1.9,NA,NA,NA
340,340,22,F,control,5/31/2019,6/1/2019,None,NA,NA,6/14/2019,6/28/2019,1,1,0,7/14/2019,M,0,0,14,28,16,from 26C,NA,NA,NA,NA,NA,NA,NA,NA,NA,NA,NA,NA,NA,NA,903.76,51.8,27.31,1.9,NA,NA,NA
341,341,22,F,E3,6/1/2019,6/2/2019,None,NA,6/6/2019,NA,NA,0,0,NA,NA,NA,NA,NA,NA,NA,NA,"from 26C, dead brown 3rd instar",NA,NA,NA,NA,NA,NA,NA,NA,NA,NA,NA,NA,NA,NA,NA,NA,NA,NA,NA,NA,NA
342,342,22,F,E3,6/1/2019,6/2/2019,Larva,6/10/2019,NA,6/13/2019,6/27/2019,1,1,0,7/2/2019,M,1,5,12,26,5,from 26C,6/10/2019,MRS,Larva,1.2389,192.5,1926,3.284656283,0.439252336,0.046728972,CB,8/22/2019,19,950001,5.977724062,836.08,51.04,25.37,2.01,1.521,0.028037383,0.485981308
343,343,22,F,E3,5/31/2019,6/1/2019,None,NA,NA,6/12/2019,6/26/2019,1,1,0,7/4/2019,F,1,5,12,26,8,from 26C,NA,NA,NA,NA,NA,NA,NA,NA,NA,NA,NA,NA,NA,NA,912.39,53.5,26.79,2,NA,NA,NA
344,344,22,F,E3,6/1/2019,6/2/2019,Larva,6/14/2019,6/20/2019,NA,NA,0,0,NA,NA,NA,NA,NA,NA,NA,NA,"from 26C, still small on 6/18 (started small from inoculation); died as 3rd",6/14/2019,MRS,Larva,0.2105,62,621,2.7930916,0.818965517,0,NA,NA,NA,NA,NA,NA,NA,NA,NA,1.202,0.017241379,0.163793103
345,345,22,F,E3,6/1/2019,6/3/2019,Pupa,6/24/2019,NA,6/16/2019,6/28/2019,1,1,0,7/10/2019,F,1,5,15,27,12,did not quite finish inoculum,6/24/2019,MRS,Pupa,1.2004,0.125,2.25,0.352182518,NA,NA,CB,8/26/2019,8.45,422501,5.625827741,806.01,48.75,25.7,1.9,1.502,NA,NA
346,346,22,F,E3,6/1/2019,6/1/2019,Larva,6/9/2019,6/12/2019,NA,NA,0,0,NA,NA,NA,NA,NA,NA,NA,NA,hindgut ejection prix pupation,6/9/2019,SA,Larva,1.1422,146.125,1462.25,3.16502163,0.368,0.016,NA,NA,NA,NA,NA,NA,NA,NA,NA,1.159,0.096,0.52
347,347,22,F,E3,6/1/2019,6/2/2019,Pupa,6/21/2019,NA,6/14/2019,6/28/2019,1,1,0,7/4/2019,M,1,5,13,27,6,NA,6/21/2019,IR,Pupa,1.342,13,131,2.117271296,NA,NA,IR,10/3/2019,14.95,747501,5.873611778,NA,NA,NA,NA,2.309,NA,NA
348,348,22,F,E3,6/1/2019,6/2/2019,Larva,NA,NA,6/13/2019,6/26/2019,1,1,0,7/5/2019,F,1,5,12,25,9,NA,NA,NA,NA,NA,NA,NA,NA,NA,NA,CB,8/26/2019,8.75,437501,5.64097905,884.98,52.05,26.32,1.98,NA,NA,NA
349,349,22,F,E3,6/1/2019,6/2/2019,None,NA,NA,6/13/2019,6/26/2019,1,1,1,7/1/2019,M,1,5,12,25,5,NA,NA,NA,NA,NA,NA,NA,NA,NA,NA,CB,8/26/2019,20.15,1007501,6.003245486,752.02,47.36,23.92,1.98,NA,NA,NA
350,350,22,F,E3,5/31/2019,6/1/2019,None,NA,NA,6/12/2019,6/26/2019,1,1,0,7/3/2019,F,1,5,12,26,7,NA,NA,NA,NA,NA,NA,NA,NA,NA,NA,CB,8/26/2019,9.65,482501,5.683498218,870.09,52.93,25.66,2.06,NA,NA,NA
351,351,22,F,E10,6/1/2019,6/4/2019,None,NA,NA,6/17/2019,7/1/2019,1,1,3,7/3/2019,NA,NA,NA,16,30,2,failed to fully eclose,NA,NA,NA,NA,NA,NA,NA,NA,NA,IR,8/29/2019,41.25,2062501,6.314394168,NA,NA,NA,NA,NA,NA,NA
352,352,22,F,E10,6/1/2019,6/3/2019,Pupa,6/24/2019,NA,6/17/2019,6/30/2019,1,1,1,7/5/2019,F,1,5,16,29,5,NA,6/24/2019,MRS,Pupa,1.1973,11.5,116,2.064457989,NA,NA,CB,8/29/2019,18.4,920001,5.963788299,788.41,47.54,25.23,1.88,2.052,NA,NA
353,353,22,F,E10,6/1/2019,6/3/2019,Larva,6/13/2019,NA,6/15/2019,6/28/2019,1,1,0,7/4/2019,M,1,5,14,27,6,NA,6/13/2019,SA,Larva,1.4182,219.75,2198.5,3.34212647,0.38277512,0.019138756,CB,8/29/2019,21.6,1080001,6.033424158,782.9,48.11,24.91,1.93,2.064,0.04784689,0.550239234
354,354,22,F,E10,6/1/2019,6/2/2019,Larva,6/10/2019,NA,6/13/2019,6/27/2019,1,1,0,7/5/2019,M,1,5,12,26,8,NA,6/10/2019,MRS,Larva,1.2808,181.5,1816,3.259115844,0.330434783,0.034782609,IR,8/26/2019,15.3,765001,5.883662003,806.71,50.29,25.13,2,1.707,0.052173913,0.582608696
355,355,22,F,E10,6/1/2019,NA,Larva,NA,6/6/2019,NA,NA,0,0,NA,NA,NA,NA,NA,NA,NA,NA,"dead in inoculation dish, turned brown, could not be replaced",NA,NA,NA,NA,NA,NA,NA,NA,NA,NA,NA,NA,NA,NA,NA,NA,NA,NA,NA,NA,NA
356,356,22,F,E10,6/1/2019,6/3/2019,Larva,6/13/2019,NA,6/14/2019,6/27/2019,1,1,1,7/4/2019,F,1,5,13,26,7,from 26C,6/13/2019,SA,Larva,1.5695,164.375,1644.75,3.216099895,0.27480916,0,CB,8/29/2019,91.75,4587501,6.661576172,769.28,48.36,24.46,1.98,2.137,0.030534351,0.694656489
357,357,22,F,E10,6/1/2019,6/1/2019,Larva,6/9/2019,NA,6/11/2019,6/25/2019,1,1,0,7/5/2019,F,1,5,10,24,10,from 26C,6/9/2019,SA,Larva,1.3885,136,1361,3.133858125,0.275590551,0.023622047,IR,8/22/2019,4.85,242501,5.384713534,806.44,50.65,25.09,2.02,2.118,0.05511811,0.645669291
358,358,22,F,E10,6/1/2019,6/1/2019,Larva,6/10/2019,NA,6/14/2019,6/27/2019,1,1,0,7/3/2019,M,1,5,13,26,6,NA,6/10/2019,MRS,Larva,1.0433,76.625,767.25,2.884936897,0.175925926,0.037037037,IR,8/29/2019,44.75,2237501,6.349763238,864,50.55,26.31,1.92,NA,0.064814815,0.722222222
359,359,22,F,E10,6/1/2019,6/2/2019,None,NA,NA,6/13/2019,6/26/2019,1,1,0,7/5/2019,F,1,5,12,25,9,NA,NA,NA,NA,NA,NA,NA,NA,NA,NA,CB,8/29/2019,4.85,242501,5.384713534,875.79,52.36,26.19,2,NA,NA,NA
360,360,22,F,E10,6/1/2019,6/1/2019,Larva,6/10/2019,NA,6/12/2019,6/26/2019,1,1,0,7/4/2019,F,1,5,11,25,8,from 26C,6/10/2019,MRS,Larva,1.2978,188.625,1887.25,3.275829434,NA,NA,CB,8/29/2019,33,1650001,6.217484207,775.02,48.73,24.85,1.96,1.93,NA,NA
362,362,18,B,control,6/3/2019,6/4/2019,Pupa,7/1/2019,NA,6/20/2019,7/10/2019,1,1,0,7/29/2019,M,0,0,17,37,19,NA,7/1/2019,MRS,Pupa,1.3794,10.875,109.75,2.040404529,NA,NA,NA,NA,NA,NA,NA,812.95,49.97,25.53,1.96,2.155,NA,NA
363,363,18,B,control,6/3/2019,6/4/2019,None,NA,NA,6/23/2019,7/13/2019,1,1,0,8/4/2019,F,0,0,20,40,22,adult death might be off<U+0080>,NA,NA,NA,NA,NA,NA,NA,NA,NA,NA,NA,NA,NA,NA,886.68,51.5,26.99,1.91,NA,NA,NA
364,364,18,B,control,6/3/2019,6/5/2019,Larva,6/18/2019,NA,6/21/2019,7/12/2019,1,1,0,7/28/2019,F,0,0,18,39,16,"did not finish inoculum, probs 0 pup score",6/18/2019,IR,Larva,1.2548,127.5,1276,3.105850674,0.281553398,0.058252427,NA,NA,NA,NA,NA,757.11,47.26,24.49,1.93,1.938,0.126213592,0.533980583
365,365,18,B,control,6/3/2019,6/5/2019,Pupa,7/3/2019,NA,6/22/2019,7/12/2019,1,1,0,7/24/2019,F,0,0,19,39,12,did not eat inoculum; wing kinked as put into envelope; Wing deformity = 0,7/3/2019,IR,Pupa,1.2337,6.625,67.25,1.827692289,NA,NA,NA,NA,NA,NA,NA,810.81,48.98,25.68,1.91,2.528,NA,NA
366,366,18,B,control,5/31/2019,6/1/2019,None,NA,NA,6/19/2019,7/12/2019,1,1,3,7/26/2019,M,0,0,19,42,14,struggled to eclose; fell from top with pupal case still attached,NA,NA,NA,NA,NA,NA,NA,NA,NA,NA,NA,NA,NA,NA,NA,NA,NA,NA,NA,NA,NA
367,367,18,B,control,5/31/2019,6/3/2019,Larva,6/16/2019,7/11/2019,6/20/2019,NA,1,0,NA,NA,NA,NA,NA,20,NA,NA,black pupa,6/16/2019,MRS,Larva,1.0577,158.25,1583.5,3.199618068,0.325757576,0.083333333,NA,NA,NA,NA,NA,NA,NA,NA,NA,NA,0.090909091,0.5
368,368,18,B,control,5/31/2019,6/3/2019,Pupa,NA,6/5/2019,NA,NA,0,0,NA,NA,NA,NA,NA,NA,NA,NA,death as 2nd,NA,NA,NA,NA,NA,NA,NA,NA,NA,NA,NA,NA,NA,NA,NA,NA,NA,NA,NA,NA,NA
369,369,18,B,control,5/31/2019,6/3/2019,None,NA,NA,6/19/2019,7/10/2019,1,1,0,8/2/2019,M,0,0,19,40,23,NA,NA,NA,NA,NA,NA,NA,NA,NA,NA,NA,NA,NA,NA,NA,807.12,48.88,25.78,1.9,NA,NA,NA
370,370,18,B,control,5/31/2019,6/3/2019,None,NA,NA,6/20/2019,7/10/2019,1,1,0,8/5/2019,M,0,0,20,40,26,adult death might be off<U+0080>,NA,NA,NA,NA,NA,NA,NA,NA,NA,NA,NA,NA,NA,NA,888.51,52.2,26.75,1.95,NA,NA,NA
371,371,18,B,E3,6/3/2019,6/5/2019,Pupa,7/1/2019,NA,6/20/2019,7/9/2019,1,1,0,7/14/2019,F,1,5,17,36,5,did not finish inoculum,7/1/2019,MRS,Pupa,1.2929,5.25,53.5,1.728353782,NA,NA,CB,9/5/2019,27.25,1362501,6.13433683,838.08,49.31,26.33,1.87,2.392,NA,NA
372,372,18,B,E3,6/6/2019,6/7/2019,None,NA,NA,6/22/2019,7/13/2019,1,1,0,7/28/2019,M,1,5,16,37,15,"replaced inoculation caterpillar/ DUPLICATE- one pupated on 6/21, eclosed 7/12, M, not infected",NA,NA,NA,NA,NA,NA,NA,NA,NA,IR,9/5/2019,4.45,222501,5.347331967,822.47,49.06,26.16,1.88,NA,NA,NA
373,373,18,B,E3,6/6/2019,6/4/2019,Larva,6/17/2019,NA,6/20/2019,7/10/2019,1,1,0,7/19/2019,F,1,5,14,34,9,NA,6/17/2019,IR,Larva,1.2221,105.375,1054.75,3.023149534,0.186915888,0.08411215,IR,9/5/2019,9.15,457501,5.660392048,724.15,45.2,24.79,1.82,2.4,0.121495327,0.607476636
374,374,18,B,E3,6/6/2019,6/5/2019,Pupa,7/1/2019,NA,6/20/2019,7/9/2019,1,1,1,7/20/2019,F,1,5,14,33,11,NA,7/1/2019,IR,Pupa,1.3725,16.125,162.25,2.210184705,NA,NA,IR,9/5/2019,10.2,510001,5.707571028,801.29,47.79,25.68,1.86,2.003,NA,NA
375,375,18,B,E3,6/6/2019,6/8/2019,None,NA,NA,6/25/2019,7/14/2019,1,1,0,7/25/2019,F,1,5,19,38,11,"replaced inoculation caterpillar/ DUPLICATE- one pupated on 6/21, eclosed 7/11, M, not infected",NA,NA,NA,NA,NA,NA,NA,NA,NA,CB,9/9/2019,4,200001,5.301032167,864.33,51.56,26.4,1.95,NA,NA,NA
376,376,18,B,E3,6/3/2019,6/5/2019,None,NA,NA,NA,NA,NA,NA,NA,NA,NA,NA,NA,NA,NA,0,"did not finish inoculum, probs 0 pup score-- was not infected (data maintained in version from 7/18), adult death: 8/4",NA,NA,NA,NA,NA,NA,NA,NA,NA,NA,NA,NA,NA,NA,875.56,50.21,26.91,1.87,NA,NA,NA
377,377,18,B,E3,6/3/2019,6/5/2019,None,NA,NA,6/20/2019,7/10/2019,1,1,0,7/18/2019,M,1,5,17,37,8,did not finish inoculum,NA,NA,NA,NA,NA,NA,NA,NA,NA,CB,9/9/2019,13.8,690001,5.83884972,907.92,50.87,27.62,1.84,NA,NA,NA
378,378,18,B,E3,6/6/2019,6/7/2019,None,NA,NA,6/22/2019,7/12/2019,1,1,0,7/19/2019,F,1,5,16,36,7,replaced inoculated caterpillar; duplicate death as 2nd instar on 6/9,NA,NA,NA,NA,NA,NA,NA,NA,NA,CB,9/5/2019,14.85,742501,5.870697043,795.41,49.24,25.12,1.96,NA,NA,NA
379,379,18,B,E3,6/3/2019,6/5/2019,Larva,6/18/2019,NA,6/22/2019,7/12/2019,1,1,0,7/21/2019,M,1,5,19,39,9,did not finish inoculum; did not have tubercles when bled,6/18/2019,IR,Larva,1.2814,72.75,728.5,2.862429556,0.122641509,0.094339623,IR,9/9/2019,8.4,420001,5.623250324,824.77,49.02,25.92,1.89,2.101,0.226415094,0.556603774
380,380,18,B,E3,6/3/2019,6/5/2019,None,NA,NA,6/19/2019,7/9/2019,1,1,0,7/18/2019,F,1,5,16,36,9,NA,NA,NA,NA,NA,NA,NA,NA,NA,NA,IR,9/9/2019,17.6,880001,5.944483166,797.93,47.93,25.75,1.86,NA,NA,NA
381,381,18,B,E10,6/2/2019,6/3/2019,None,NA,NA,6/20/2019,7/10/2019,1,1,0,7/21/2019,M,1,5,18,38,11,NA,NA,NA,NA,NA,NA,NA,NA,NA,NA,IR,10/3/2019,20.95,1047501,6.020154446,924.1,51.66,27.29,1.89,NA,NA,NA
382,382,18,B,E10,6/2/2019,6/4/2019,Larva,6/14/2019,6/20/2019,6/18/2019,NA,1,0,NA,NA,NA,NA,NA,16,NA,NA,dead black pupa,6/14/2019,IR,Larva,1.0915,169,1691,3.228143608,0.470588235,0.009803922,NA,NA,NA,NA,NA,NA,NA,NA,NA,1.048,0.068627451,0.450980392
383,383,18,B,E10,6/2/2019,6/4/2019,Larva,6/16/2019,NA,6/19/2019,7/10/2019,1,1,0,7/18/2019,F,1,5,17,38,8,NA,6/16/2019,IR,Larva,1.3692,296.625,2967.25,3.472354139,0.333333333,0.074074074,CB,10/3/2019,11.05,552501,5.742333068,821.69,48.69,26.12,1.86,2.245,0.111111111,0.481481481
384,384,18,B,E10,6/2/2019,6/4/2019,Larva,6/15/2019,6/16/2019,NA,NA,0,0,NA,NA,NA,NA,NA,NA,NA,NA,death as 4th,6/15/2019,IR,Larva,1.1188,125.875,1259.75,3.100284367,0.295238095,0.038095238,NA,NA,NA,NA,NA,NA,NA,NA,NA,1.187,0.123809524,0.542857143
385,385,18,B,E10,6/2/2019,6/4/2019,None,NA,NA,6/21/2019,7/13/2019,1,1,NA,7/30/2019,NA,1,NA,19,41,17,failed to fully eclose,NA,NA,NA,NA,NA,NA,NA,NA,NA,IR,9/9/2019,20.375,1018751,6.008068048,NA,NA,NA,NA,NA,NA,NA
386,386,18,B,E10,6/2/2019,6/4/2019,Larva,6/17/2019,NA,6/21/2019,7/12/2019,1,1,0,7/31/2019,M,0,0,19,40,19,NA,6/17/2019,IR,Larva,1.1363,80.875,809.75,2.908350957,0.45631068,0.009708738,NA,NA,NA,NA,NA,842.77,49.65,26.58,1.87,1.126,0.106796117,0.427184466
387,387,18,B,E10,6/2/2019,6/3/2019,Larva,6/16/2019,NA,6/19/2019,7/8/2019,1,1,0,7/21/2019,M,1,5,17,36,13,NA,6/16/2019,MRS,Larva,1.3457,84.375,844.75,2.9267282,0.183823529,0.022058824,IR,9/9/2019,13.05,652501,5.814581182,818.71,49.49,25.51,1.94,NA,0.029411765,0.764705882
388,388,18,B,E10,6/2/2019,6/4/2019,Larva,6/16/2019,NA,6/21/2019,7/12/2019,1,1,0,7/30/2019,M,1,5,19,40,18,NA,6/16/2019,MRS,Larva,NA,125.625,1257.25,3.099421644,0.166666667,0.018518519,IR,9/10/2019,5.95,297501,5.47348843,881.12,51.27,26.48,1.94,0.639,0.111111111,0.703703704
389,389,18,B,E10,6/2/2019,6/5/2019,Pupa,7/2/2019,NA,NA,NA,NA,NA,NA,NA,NA,NA,NA,NA,NA,NA,did not finish inoculum--was not infected (data maintained in version from 7/18),7/2/2019,IR,Pupa,1.4759,8.625,87.25,1.940765436,NA,NA,NA,NA,NA,NA,NA,874.25,51.3,26.46,1.94,1.767,NA,NA
390,390,18,B,E10,6/2/2019,6/4/2019,Larva,6/15/2019,6/18/2019,NA,NA,0,0,NA,NA,NA,NA,NA,NA,NA,NA,dead 4th caterpillar,6/15/2019,IR,Larva,1.3394,201.75,2018.5,3.305028754,0.229357798,0.018348624,NA,NA,NA,NA,NA,NA,NA,NA,NA,1.691,0.064220183,0.688073394
391,391,18,D,control,5/31/2019,6/3/2019,Pupa,6/28/2019,NA,6/17/2019,7/7/2019,1,1,0,7/12/2019,F,0,0,17,37,5,NA,6/28/2019,IR,Pupa,1.1309,NA,NA,NA,NA,NA,NA,NA,NA,NA,NA,737.35,46.36,24.64,1.88,1.696,NA,NA
392,392,18,D,control,5/31/2019,6/3/2019,None,NA,NA,6/18/2019,7/9/2019,1,1,2,7/27/2019,M,0,0,18,39,18,NA,NA,NA,NA,NA,NA,NA,NA,NA,NA,NA,NA,NA,NA,NA,793.94,48.36,25.04,1.93,NA,NA,NA
393,393,18,D,control,5/31/2019,6/3/2019,Pupa,6/28/2019,NA,6/17/2019,7/7/2019,1,1,0,7/24/2019,F,0,0,17,37,17,NA,6/28/2019,IR,Pupa,1.3834,9.125,92.25,1.964966375,NA,NA,NA,NA,NA,NA,NA,878.36,51.21,26.69,1.92,2.225,NA,NA
394,394,18,D,control,5/31/2019,6/3/2019,Pupa,6/29/2019,NA,6/18/2019,7/8/2019,1,1,0,7/26/2019,F,0,0,18,38,18,NA,6/29/2019,IR,Pupa,1.2865,9.125,92.25,1.964966375,NA,NA,NA,NA,NA,NA,NA,827.9,49.62,25.82,1.92,2.175,NA,NA
395,395,18,D,control,5/31/2019,6/3/2019,Larva,6/14/2019,NA,6/16/2019,7/7/2019,1,1,0,7/27/2019,F,0,0,16,37,20,NA,6/14/2019,IR,Larva,1.3988,215.375,2154.75,3.333396889,0.318181818,0.009090909,NA,NA,NA,NA,NA,740.39,47.37,24.36,1.94,2.286,0.063636364,0.609090909
396,396,18,D,control,5/31/2019,6/3/2019,Pupa,6/30/2019,NA,6/19/2019,7/8/2019,1,1,1,7/27/2019,M,0,0,19,38,19,NA,6/30/2019,MRS,Pupa,1.605,6,61,1.785329835,NA,NA,NA,NA,NA,NA,NA,916.63,52.77,27.29,1.93,2.333,NA,NA
397,397,18,D,control,5/31/2019,6/3/2019,None,NA,6/7/2019,NA,NA,0,0,NA,NA,NA,NA,NA,NA,NA,NA,death as 2nd; wrinkled and hanging,NA,NA,NA,NA,NA,NA,NA,NA,NA,NA,NA,NA,NA,NA,NA,NA,NA,NA,NA,NA,NA
398,398,18,D,control,5/31/2019,6/3/2019,Pupa,6/29/2019,NA,6/18/2019,7/8/2019,1,1,0,7/28/2019,M,0,0,18,38,20,NA,6/29/2019,IR,Pupa,1.408,7.625,77.25,1.887898488,NA,NA,NA,NA,NA,NA,NA,860.36,51.36,26.17,1.96,NA,NA,NA
399,399,18,D,control,5/31/2019,6/3/2019,Larva,6/14/2019,NA,6/17/2019,7/9/2019,1,1,0,7/25/2019,M,0,0,17,39,16,NA,6/14/2019,IR,Larva,1.3576,126.375,1264.75,3.102004688,0.339805825,0.058252427,NA,NA,NA,NA,NA,849.29,50.77,26.03,1.95,1.717,0.058252427,0.54368932
400,400,18,D,control,5/31/2019,6/3/2019,None,NA,NA,6/18/2019,7/9/2019,1,1,0,7/29/2019,M,0,0,18,39,20,NA,NA,NA,NA,NA,NA,NA,NA,NA,NA,NA,NA,NA,NA,NA,828.56,50.49,26.05,1.94,NA,NA,NA
401,401,18,D,E3,6/1/2019,6/3/2019,None,NA,NA,6/18/2019,7/9/2019,1,1,0,7/23/2019,M,1,5,17,38,14,NA,NA,NA,NA,NA,NA,NA,NA,NA,NA,CB,9/9/2019,3.9,195001,5.290036839,906.6,51.78,27.15,1.91,NA,NA,NA
402,402,18,D,E3,6/1/2019,6/3/2019,None,NA,NA,6/18/2019,7/8/2019,1,1,0,7/20/2019,M,1,5,17,37,12,NA,NA,NA,NA,NA,NA,NA,NA,NA,NA,IR,9/5/2019,9.1,455001,5.658012351,854.88,50.53,26.12,1.93,NA,NA,NA
403,403,18,D,E3,6/1/2019,6/3/2019,None,NA,NA,6/18/2019,7/8/2019,1,1,0,7/18/2019,F,1,5,17,37,10,NA,NA,NA,NA,NA,NA,NA,NA,NA,NA,CB,9/9/2019,13.4,670001,5.826075451,NA,NA,NA,NA,NA,NA,NA
404,404,18,D,E3,6/1/2019,6/3/2019,Larva,6/14/2019,NA,6/17/2019,7/9/2019,1,1,1,7/18/2019,F,1,5,16,38,9,NA,6/14/2019,IR,Larva,1.4018,153.5,1536,3.186391216,0.446601942,0.029126214,CB,9/9/2019,16.9,845001,5.926857223,730.85,47.22,24.11,1.96,1.051,0.067961165,0.45631068
405,405,18,D,E3,6/1/2019,6/3/2019,Larva,6/16/2019,NA,6/17/2019,7/7/2019,1,1,0,7/27/2019,F,0,0,16,36,20,NA,6/16/2019,IR,Larva,1.3792,154,1541,3.187802639,0.243902439,0.040650407,NA,NA,NA,NA,NA,861.61,50.78,26.44,1.92,2.162,0.089430894,0.62601626
406,406,18,D,E3,6/1/2019,6/3/2019,Larva,6/14/2019,NA,6/17/2019,7/8/2019,1,1,0,7/15/2019,F,1,5,16,37,7,NA,6/14/2019,IR,Larva,1.3902,177.75,1778.5,3.25005387,0.213592233,0.019417476,CB,9/5/2019,19.25,962501,5.983401189,837,49.78,25.77,1.93,1.985,0.077669903,0.689320388
407,407,18,D,E3,6/1/2019,6/3/2019,None,NA,NA,6/17/2019,7/8/2019,1,1,0,7/20/2019,M,1,5,16,37,12,NA,NA,NA,NA,NA,NA,NA,NA,NA,NA,CB,9/9/2019,15.65,782501,5.893484901,885.94,51.26,26.95,1.9,NA,NA,NA
408,408,18,D,E3,6/1/2019,6/3/2019,Larva,6/14/2019,NA,6/18/2019,7/8/2019,1,1,0,7/19/2019,M,1,5,17,37,11,NA,6/14/2019,MRS,Larva,1.3158,173.375,1734.75,3.239236896,0.28358209,0.014925373,IR,9/5/2019,18.3,915001,5.961421569,852.02,50.59,26.11,1.94,1.623,0.029850746,0.671641791
409,409,18,D,E3,6/1/2019,6/3/2019,Pupa,6/25/2019,NA,6/17/2019,7/8/2019,1,1,0,7/21/2019,M,1,5,16,37,13,NA,6/25/2019,IR,Pupa,1.5009,9.75,98.5,1.99343623,NA,NA,CB,9/9/2019,29.75,1487501,6.172457266,860.34,50.92,26.53,1.92,NA,NA,NA
410,410,18,D,E3,6/1/2019,6/3/2019,Larva,6/14/2019,NA,6/17/2019,7/8/2019,1,1,0,7/18/2019,F,1,5,16,37,10,NA,6/14/2019,IR,Larva,1.5734,198.375,1984.75,3.297705811,0.300884956,0.017699115,IR,9/5/2019,53.25,2662501,6.42528978,825.92,49.53,25.99,1.91,2.187,0.044247788,0.637168142
411,411,18,D,E10,6/1/2019,6/3/2019,Larva,6/14/2019,NA,6/17/2019,7/7/2019,1,1,0,7/18/2019,F,1,5,16,36,11,NA,6/14/2019,MRS,Larva,1.4494,141.125,1412.25,3.149911583,0.221374046,0.022900763,CB,10/3/2019,9.55,477501,5.678974285,853.63,50.36,26.76,1.88,2.056,0.061068702,0.694656489
412,412,18,D,E10,6/1/2019,6/3/2019,Pupa,6/25/2019,NA,6/17/2019,7/7/2019,1,1,0,7/26/2019,M,1,5,16,36,19,NA,6/25/2019,IR,Pupa,1.4461,12.25,123.5,2.091666958,NA,NA,IR,9/10/2019,8.8,440001,5.643453664,908.12,52.16,27.29,1.91,2.621,NA,NA
413,413,18,D,E10,6/1/2019,6/3/2019,None,NA,NA,6/18/2019,7/9/2019,1,1,0,NA,M,0,0,17,38,NA,adult death recorded incorectly<U+0080>might be 8/5,NA,NA,NA,NA,NA,NA,NA,NA,NA,NA,NA,NA,NA,NA,838.27,50.51,26.08,1.94,NA,NA,NA
414,414,18,D,E10,6/1/2019,6/3/2019,Larva,6/14/2019,NA,6/17/2019,7/7/2019,1,1,0,7/26/2019,M,1,5,16,36,19,NA,6/14/2019,IR,Larva,1.5129,149.875,1499.75,3.176018871,0.205607477,0.028037383,CB,10/3/2019,3.95,197501,5.295569299,819.44,49.59,24.87,1.99,1.621,0.037383178,0.728971963
415,415,18,D,E10,6/1/2019,6/3/2019,Pupa,6/26/2019,NA,6/17/2019,7/8/2019,1,1,0,7/22/2019,F,1,5,16,37,14,NA,6/26/2019,MRS,Pupa,1.2411,8.75,88.5,1.946943271,NA,NA,IR,9/10/2019,4.15,207501,5.317020194,822.8,49.91,25.83,1.93,2.2,NA,NA
416,416,18,D,E10,6/1/2019,6/3/2019,Pupa,6/26/2019,NA,6/17/2019,7/8/2019,1,1,0,7/22/2019,F,1,5,16,37,14,NA,6/26/2019,MRS,Pupa,1.2959,6.5,66,1.819543936,NA,NA,IR,9/9/2019,4.65,232501,5.366424825,873.15,51.39,26.48,1.94,2.281,NA,NA
417,417,18,D,E10,6/1/2019,6/3/2019,Pupa,6/28/2019,7/10/2019,6/17/2019,NA,1,0,NA,NA,NA,NA,NA,16,NA,NA,black pupa,6/28/2019,IR,Pupa,1.4669,11.625,117.25,2.069112851,NA,NA,NA,NA,NA,NA,NA,NA,NA,NA,NA,2.442,NA,NA
418,418,18,D,E10,6/1/2019,6/3/2019,None,NA,NA,6/18/2019,7/10/2019,1,1,0,7/25/2019,M,1,5,17,39,15,NA,NA,NA,NA,NA,NA,NA,NA,NA,NA,CB,10/3/2019,11.35,567501,5.753966631,912.58,52.44,27.08,1.94,NA,NA,NA
419,419,18,D,E10,6/1/2019,6/3/2019,Larva,6/14/2019,NA,6/17/2019,7/8/2019,1,1,0,7/20/2019,F,1,5,16,37,12,NA,6/14/2019,IR,Larva,1.422,178,1781,3.250663919,0.207920792,0.059405941,IR,9/9/2019,8.5,425001,5.628389952,820.56,49.03,25.85,1.9,1.928,0.02970297,0.702970297
420,420,18,D,E10,6/1/2019,6/3/2019,Larva,6/14/2019,NA,6/17/2019,7/9/2019,1,1,2,7/19/2019,M,1,5,16,38,10,NA,6/14/2019,IR,Larva,1.4532,145.625,1457.25,3.163534064,0.261682243,0.037383178,CB,10/3/2019,28.25,1412501,6.149988764,NA,NA,NA,NA,2.067,0.028037383,0.672897196
421,421,18,F,control,5/31/2019,6/3/2019,Pupa,7/1/2019,NA,6/20/2019,7/10/2019,1,1,0,7/30/2019,M,0,0,20,40,20,NA,7/1/2019,IR,Pupa,1.4094,10.125,102.25,2.009663317,NA,NA,NA,NA,NA,NA,NA,823.21,50.89,25.54,1.99,NA,NA,NA
422,422,18,F,control,5/31/2019,6/1/2019,Pupa,6/30/2019,NA,6/19/2019,7/8/2019,1,1,3,7/21/2019,F,0,0,19,38,13,NA,6/30/2019,MRS,Pupa,1.507,7.375,74.75,1.873611197,NA,NA,NA,NA,NA,NA,NA,NA,NA,NA,NA,2.076,NA,NA
423,423,18,F,control,5/31/2019,6/3/2019,Larva,6/14/2019,NA,6/19/2019,7/10/2019,1,1,0,7/30/2019,M,0,0,19,40,20,NA,6/14/2019,IR,Larva,1.0454,61.625,617.25,2.790461099,0.71559633,0.04587156,NA,NA,NA,NA,NA,826.21,50.97,25.55,1.99,1.06,0.055045872,0.183486239
424,424,18,F,control,5/31/2019,6/2/2019,Pupa,7/1/2019,NA,6/20/2019,7/9/2019,1,1,0,7/24/2019,F,0,0,20,39,15,NA,7/1/2019,MRS,Pupa,1.332,6.125,62.25,1.794139356,NA,NA,NA,NA,NA,NA,NA,826.74,50.24,25.93,1.94,NA,NA,NA
425,425,18,F,control,6/2/2019,6/4/2019,None,NA,6/23/2019,6/21/2019,NA,1,0,NA,NA,NA,NA,NA,19,NA,NA,brown pupa,NA,NA,NA,NA,NA,NA,NA,NA,NA,NA,NA,NA,NA,NA,NA,NA,NA,NA,NA,NA,NA
426,426,18,F,control,6/2/2019,6/4/2019,Pupa,7/2/2019,7/10/2019,6/21/2019,NA,1,0,NA,NA,NA,NA,NA,19,NA,NA,dead pupa turned black,7/2/2019,MRS,Pupa,1.339,8.75,88.5,1.946943271,NA,NA,NA,NA,NA,NA,NA,NA,NA,NA,NA,NA,NA,NA
427,427,18,F,control,6/2/2019,6/3/2019,Larva,NA,6/14/2019,NA,NA,0,0,NA,NA,NA,NA,NA,NA,NA,NA,"death as third, dried and wrinkled",NA,NA,NA,NA,NA,NA,NA,NA,NA,NA,NA,NA,NA,NA,NA,NA,NA,NA,NA,NA,NA
428,428,18,F,control,6/2/2019,6/4/2019,None,NA,NA,6/21/2019,7/10/2019,1,1,0,7/24/2019,F,0,0,19,38,14,NA,NA,NA,NA,NA,NA,NA,NA,NA,NA,NA,NA,NA,NA,NA,888.77,51.86,26.86,1.93,NA,NA,NA
429,429,18,F,control,6/2/2019,6/4/2019,Pupa,6/30/2019,NA,6/19/2019,7/8/2019,1,1,1,7/26/2019,F,0,0,17,36,18,brown pupa,6/30/2019,MRS,Pupa,1.2193,9.375,94.75,1.976579219,NA,NA,NA,NA,NA,NA,NA,727.13,47.4,23.87,1.99,2.018,NA,NA
430,430,18,F,control,6/2/2019,6/3/2019,Pupa,NA,6/22/2019,6/20/2019,NA,1,0,NA,NA,NA,NA,NA,18,NA,NA,NA,NA,NA,NA,NA,NA,NA,NA,NA,NA,NA,NA,NA,NA,NA,NA,NA,NA,NA,NA,NA,NA
431,431,18,F,E3,6/1/2019,6/3/2019,Pupa,7/1/2019,NA,6/20/2019,7/8/2019,1,1,0,7/24/2019,F,1,5,19,37,16,NA,7/1/2019,IR,Pupa,1.3754,14,141,2.149219113,NA,NA,IR,9/5/2019,13.45,672501,5.827692934,823.81,49.71,25.77,1.93,NA,NA,NA
432,432,18,F,E3,6/1/2019,6/4/2019,Pupa,6/29/2019,NA,6/18/2019,7/9/2019,1,1,0,7/18/2019,F,1,5,17,38,9,NA,6/29/2019,IR,Pupa,1.2759,11.625,117.25,2.069112851,NA,NA,IR,9/5/2019,3.05,152501,5.183272692,864.31,51.84,26.14,1.98,1.985,NA,NA
433,433,18,F,E3,6/1/2019,6/4/2019,Pupa,6/30/2019,NA,6/19/2019,7/8/2019,1,1,0,7/19/2019,F,1,5,18,37,11,NA,6/30/2019,MRS,Pupa,1.2666,24,241,2.382017043,NA,NA,IR,9/5/2019,9.6,480001,5.681242142,824.48,49.59,25.97,1.91,2.043,NA,NA
434,434,18,F,E3,6/1/2019,6/4/2019,Larva,6/14/2019,NA,6/19/2019,7/8/2019,1,1,0,7/17/2019,F,1,5,18,37,9,NA,6/14/2019,MRS,Larva,1.1152,119.125,1192.25,3.076367331,0.451923077,0.019230769,IR,9/5/2019,31.625,1581251,6.199000813,873.73,51.42,26.66,1.93,2.334,0.038461538,0.490384615
435,435,18,F,E3,6/1/2019,6/3/2019,Pupa,NA,6/10/2019,NA,NA,0,0,NA,NA,NA,NA,NA,NA,NA,NA,death as brown 3rd,NA,NA,NA,NA,NA,NA,NA,NA,NA,NA,NA,NA,NA,NA,NA,NA,NA,NA,NA,NA,NA
436,436,18,F,E3,6/1/2019,6/3/2019,None,NA,NA,6/22/2019,7/12/2019,1,1,0,7/27/2019,F,1,5,21,41,15,probs 1 for pup score,NA,NA,NA,NA,NA,NA,NA,NA,NA,IR,9/5/2019,2.8,140001,5.146131138,875.21,51.83,26.46,1.96,NA,NA,NA
437,437,18,F,E3,6/1/2019,6/3/2019,Pupa,6/28/2019,NA,6/17/2019,7/7/2019,1,1,0,7/21/2019,F,1,5,16,36,14,NA,6/28/2019,IR,Pupa,1.2978,15,151,2.178976947,NA,NA,CB,10/3/2019,10.05,502501,5.70113693,855.49,50.16,26.54,1.89,2.6,NA,NA
438,438,18,F,E3,6/1/2019,6/4/2019,Larva,6/14/2019,NA,6/19/2019,7/8/2019,1,1,0,7/18/2019,M,1,5,18,37,10,NA,6/14/2019,IR,Larva,1.0538,71.75,718.5,2.856426772,0.369369369,0.036036036,CB,9/5/2019,13.45,672501,5.827692934,816.74,49.18,26.22,1.88,0.842,0.099099099,0.495495495
439,439,18,F,E3,6/1/2019,6/4/2019,Pupa,7/2/2019,NA,6/21/2019,7/11/2019,1,1,0,7/20/2019,M,1,5,20,40,9,NA,7/2/2019,MRS,Pupa,1.4382,14.5,146,2.164352856,NA,NA,CB,9/5/2019,9.8,490001,5.690196966,871.92,50.31,26.4,1.91,NA,NA,NA
440,440,18,F,E3,6/1/2019,6/4/2019,None,NA,NA,6/18/2019,7/9/2019,1,1,0,7/20/2019,F,1,5,17,38,11,NA,NA,NA,NA,NA,NA,NA,NA,NA,NA,CB,9/9/2019,5.35,267501,5.42732541,827.31,48.65,26.14,1.86,NA,NA,NA
441,441,18,F,E10,6/2/2019,6/4/2019,None,NA,NA,NA,NA,NA,NA,NA,NA,NA,NA,NA,NA,NA,NA,6/5: no larva in pint,NA,NA,NA,NA,NA,NA,NA,NA,NA,NA,NA,NA,NA,NA,NA,NA,NA,NA,NA,NA,NA
442,442,18,F,E10,6/2/2019,6/4/2019,Pupa,7/1/2019,NA,6/20/2019,7/9/2019,1,1,0,7/26/2019,M,1,5,18,37,17,NA,7/1/2019,IR,Pupa,1.3123,NA,NA,NA,NA,NA,IR,9/9/2019,5.4,270001,5.431365373,794.56,49.49,25.41,1.95,NA,NA,NA
443,443,18,F,E10,6/2/2019,6/3/2019,Larva,6/14/2019,NA,6/18/2019,7/9/2019,1,1,0,7/29/2019,F,0,0,16,37,20,NA,6/14/2019,IR,Larva,1.3216,238.125,2382.25,3.376987336,0.4,0.028571429,NA,NA,NA,NA,NA,857.91,50.8,26.27,1.93,1.728,0.038095238,0.533333333
444,444,18,F,E10,6/2/2019,6/5/2019,None,NA,NA,6/21/2019,7/10/2019,1,1,0,8/4/2019,M,0,0,19,38,25,adult death might be off...,NA,NA,NA,NA,NA,NA,NA,NA,NA,NA,NA,NA,NA,NA,901.68,51.64,27.17,1.9,NA,NA,NA
445,445,18,F,E10,6/2/2019,6/4/2019,Larva,6/15/2019,NA,6/19/2019,7/9/2019,1,1,0,7/23/2019,F,1,5,17,37,14,NA,6/15/2019,IR,Larva,1.3395,142.125,1422.25,3.152975942,0.690909091,0.036363636,IR,9/10/2019,10,500001,5.698970873,879.41,52.87,26.26,2.01,1.83,0.018181818,0.254545455
446,446,18,F,E10,6/2/2019,6/5/2019,Pupa,7/1/2019,NA,6/20/2019,7/9/2019,1,1,0,7/25/2019,M,1,5,18,37,16,NA,7/1/2019,IR,Pupa,1.4852,8.125,82.25,1.915135907,NA,NA,IR,10/3/2019,1.55,77501,4.889307306,913.85,51.79,27.14,1.91,2.336,NA,NA
447,447,18,F,E10,6/1/2019,6/2/2019,Larva,6/15/2019,6/22/2019,NA,NA,0,0,NA,NA,NA,NA,NA,NA,NA,NA,"failed to pupate, hanging",6/15/2019,IR,Larva,1.3298,103.625,1037.25,3.015883444,0.471698113,0.037735849,NA,NA,NA,NA,NA,NA,NA,NA,NA,1.625,0.047169811,0.443396226
448,448,18,F,E10,6/1/2019,6/3/2019,None,NA,NA,6/21/2019,7/11/2019,1,1,0,7/26/2019,M,1,5,20,40,15,NA,NA,NA,NA,NA,NA,NA,NA,NA,NA,IR,10/3/2019,8.2,410001,5.612784916,901.41,52.66,26.85,1.96,NA,NA,NA
449,449,18,F,E10,6/1/2019,6/2/2019,None,NA,NA,6/19/2019,7/9/2019,1,1,0,7/28/2019,F,1,5,18,38,19,NA,NA,NA,NA,NA,NA,NA,NA,NA,NA,IR,9/9/2019,1.1,55001,4.740370586,839.48,51.02,25.63,1.99,NA,NA,NA
450,450,18,F,E10,5/31/2019,6/1/2019,None,NA,NA,6/18/2019,7/8/2019,1,1,0,7/25/2019,F,1,5,18,38,17,NA,NA,NA,NA,NA,NA,NA,NA,NA,NA,IR,10/3/2019,3,150001,5.176094154,870.03,50.7,27.07,1.87,NA,NA,NA
